transaction_id,transaction_date,department,cost_center,transaction_type,vendor_name,amount,payment_mode,invoice_id,employee_id,year_month,is_missing_key_field,is_high_value,is_cash_high_value,is_duplicate_invoice,z_score,is_statistical_anomaly,audit_flag_count,audit_status
TX00001,2025-07-20,IT,CC201,Revenue,Epsilon Tech,80908.84,Card,INV10130,EMP121,2025-07,False,False,False,False,0.2708597829931042,False,0,OK
TX00002,2025-05-02,HR,CC501,Expense,Delta Services,33087.62,Bank Transfer,INV10474,EMP158,2025-05,False,False,False,False,-1.0424887150262496,False,0,OK
TX00003,2025-10-28,HR,CC501,Expense,FastLogix,25639.05,Card,INV12879,EMP102,2025-10,False,False,False,False,-0.590135661979468,False,0,OK
TX00004,2025-05-19,IT,CC101,Expense,Delta Services,50850.76,Bank Transfer,INV12945,EMP183,2025-05,False,False,False,False,-0.45917866122601536,False,0,OK
TX00005,2025-12-15,HR,CC301,Expense,CareMed,70307.23,Bank Transfer,INV11021,EMP105,2025-12,False,False,False,False,-0.1370452642062023,False,0,OK
TX00006,2025-06-10,HR,CC501,Expense,Bright Systems,54717.71,Bank Transfer,INV11275,EMP161,2025-06,False,False,False,False,-0.23469713456160549,False,0,OK
TX00007,2025-08-21,IT,CC102,Expense,Bright Systems,78863.27,Card,INV10492,EMP140,2025-08,False,False,False,False,0.46840523168941894,False,0,OK
TX00008,2025-01-25,Finance,CC101,Expense,CareMed,69237.96,Card,INV12278,EMP140,2025-01,False,False,False,False,-0.04046500500229082,False,0,OK
TX00009,2025-12-07,Finance,CC301,Expense,FastLogix,25976.49,Cash,INV11895,EMP185,2025-12,False,False,False,False,-1.05734389587791,False,0,OK
TX00010,2025-11-03,Finance,CC201,Expense,FastLogix,63105.08,Bank Transfer,INV12842,EMP108,2025-11,False,False,False,False,0.003900337771214765,False,0,OK
TX00011,2025-10-10,HR,CC401,Expense,Alpha Supplies,73051.59,Card,INV11757,EMP122,2025-10,False,False,False,False,-0.15942008823794476,False,0,OK
TX00012,2025-07-13,Sales,CC401,Expense,CareMed,71847.17,Bank Transfer,INV12693,EMP127,2025-07,False,False,False,False,-0.39263432808130083,False,0,OK
TX00013,2025-12-12,HR,CC301,Revenue,CareMed,76860.29,Bank Transfer,INV11306,EMP161,2025-12,False,False,False,False,-0.02608273682093518,False,0,OK
TX00014,2025-09-20,IT,CC101,Expense,FastLogix,26867.28,Bank Transfer,INV11257,EMP143,2025-09,False,False,False,False,-0.9306869049131746,False,0,OK
TX00015,2025-08-15,Sales,CC501,Expense,Alpha Supplies,31036.05,Bank Transfer,INV11636,EMP155,2025-08,False,False,False,False,-0.6120830344172851,False,0,OK
TX00016,2025-01-27,Finance,CC102,Expense,FastLogix,43822.04,Bank Transfer,INV12432,EMP118,2025-01,False,False,False,False,-0.5067332104851511,False,0,OK
TX00017,2025-02-21,HR,CC102,Revenue,Delta Services,62473.95,Card,INV10197,EMP185,2025-02,False,False,False,False,-0.026085314421696155,False,0,OK
TX00018,2025-11-16,Finance,CC101,Expense,FastLogix,75154.08,Bank Transfer,INV11369,EMP166,2025-11,False,False,False,False,0.40985511106419786,False,0,OK
TX00019,2025-03-20,HR,CC101,Expense,Bright Systems,61833.04,Card,INV12520,EMP149,2025-03,False,False,False,False,-0.5572779921344874,False,0,OK
TX00020,2025-07-10,Sales,CC301,Expense,Alpha Supplies,51582.86,Card,INV11183,EMP108,2025-07,False,False,False,False,-0.8137204249696802,False,0,OK
TX00021,2025-09-03,Sales,CC201,Revenue,FastLogix,163145.08,UPI,INV10253,EMP188,2025-09,False,True,False,False,2.6542303874269866,False,1,Review
TX00022,2025-03-25,IT,CC102,Expense,Bright Systems,28050.54,Bank Transfer,INV10397,EMP120,2025-03,False,False,False,False,-0.8294169097437579,False,0,OK
TX00023,2025-04-24,Sales,CC101,Expense,Delta Services,150627.47,Card,INV12277,EMP150,2025-04,False,True,False,False,1.673364998812054,False,1,Review
TX00024,2025-06-08,Sales,CC201,Revenue,FastLogix,138682.72,Card,INV10546,EMP163,2025-06,False,False,False,False,1.7314641232622396,False,0,OK
TX00025,2025-01-17,HR,CC301,Expense,FastLogix,60549.24,Bank Transfer,INV11768,EMP136,2025-01,False,False,False,False,-0.20308974053958356,False,0,OK
TX00026,2025-08-17,IT,CC201,Revenue,Delta Services,36590.97,Bank Transfer,INV11816,EMP153,2025-08,False,False,False,False,-0.7817081163616115,False,0,OK
TX00027,2025-10-03,Operations,CC501,Expense,CareMed,23726.2,Bank Transfer,INV10245,EMP147,2025-10,False,False,False,False,-0.8718795945701466,False,0,OK
TX00028,2025-07-10,Operations,CC201,Expense,Epsilon Tech,20947.41,Bank Transfer,INV10035,EMP144,2025-07,False,False,False,False,-1.1629164612185043,False,0,OK
TX00029,2025-04-01,HR,CC201,Expense,Delta Services,15189.67,Bank Transfer,INV10574,EMP161,2025-04,False,False,False,False,-1.764322722235877,False,0,OK
TX00030,2025-06-26,Operations,CC501,Expense,Bright Systems,134074.03,Bank Transfer,INV12491,EMP107,2025-06,False,False,False,False,2.5370683971517725,False,0,OK
TX00031,2025-05-28,HR,CC301,Expense,Delta Services,37389.88,Card,INV12983,EMP151,2025-05,False,False,False,False,-0.9376599787957,False,0,OK
TX00032,2025-02-28,Operations,CC501,Expense,CareMed,62060.67,Bank Transfer,INV10740,EMP189,2025-02,False,False,False,False,0.22702704131694473,False,0,OK
TX00033,2025-05-23,Finance,CC301,Expense,Bright Systems,44685.16,Bank Transfer,INV10487,EMP100,2025-05,False,False,False,False,-0.4721073143899799,False,0,OK
TX00034,2025-07-05,IT,CC201,Expense,CareMed,76832.45,Bank Transfer,INV11243,EMP168,2025-07,False,False,False,False,0.1807106899353929,False,0,OK
TX00035,2025-01-14,HR,CC401,Expense,Bright Systems,71620.9,Card,INV10356,EMP122,2025-01,False,False,False,True,0.17678141420946075,False,1,Review
TX00036,2025-10-10,IT,CC301,Expense,Bright Systems,67880.68,Card,INV12816,EMP168,2025-10,False,False,False,False,0.029419249659867187,False,0,OK
TX00037,2025-04-16,Operations,CC101,Revenue,CareMed,150510.74,UPI,INV11636,EMP111,2025-04,False,True,False,False,0.9240338018943273,False,1,Review
TX00038,2025-03-01,Finance,CC102,Expense,Epsilon Tech,35074.57,UPI,INV11625,EMP133,2025-03,False,False,False,False,-0.9548975976678419,False,0,OK
TX00039,2025-03-09,HR,CC102,Expense,Epsilon Tech,326186.1,Bank Transfer,INV10728,EMP120,2025-03,False,True,False,False,1.5026544771749668,False,1,Review
TX00040,2025-09-04,Operations,CC401,Revenue,CareMed,97398.78,Bank Transfer,INV10036,EMP111,2025-09,False,False,False,False,1.5670972803326244,False,0,OK
TX00041,2025-01-23,IT,CC101,Expense,FastLogix,48357.92,Bank Transfer,INV10698,EMP118,2025-01,False,False,False,False,-0.8274213819157845,False,0,OK
TX00042,2025-01-04,HR,CC401,Revenue,Delta Services,96714.53,Card,INV10143,EMP168,2025-01,False,False,False,False,1.037749526032373,False,0,OK
TX00043,2025-03-12,Finance,CC301,Expense,Delta Services,56304.46,Cash,INV11062,EMP152,2025-03,False,False,True,False,-0.20537942806950404,False,1,Review
TX00044,2025-10-26,Operations,CC401,Revenue,Epsilon Tech,77126.18,Card,INV11542,EMP145,2025-10,False,False,False,False,0.3706319247531904,False,0,OK
TX00045,2025-08-10,Finance,CC102,Revenue,Bright Systems,70660.26,Cash,INV11810,EMP160,2025-08,False,False,True,False,-0.09828471334107236,False,1,Review
TX00046,2025-12-22,Sales,CC102,Revenue,FastLogix,91448.41,Bank Transfer,INV10828,EMP138,2025-12,False,False,False,False,0.600701765317626,False,0,OK
TX00047,2025-01-03,IT,CC301,Revenue,Delta Services,73769.95,Bank Transfer,INV12719,EMP144,2025-01,False,False,False,True,-0.160343044467283,False,1,Review
TX00048,2025-05-16,IT,CC201,Revenue,Delta Services,94293.2,Card,INV11396,EMP153,2025-05,False,False,False,False,0.6940590337149691,False,0,OK
TX00049,2025-06-03,Finance,CC201,Expense,FastLogix,145425.08,Bank Transfer,INV10089,EMP107,2025-06,False,False,False,False,2.5730340176552176,False,0,OK
TX00050,2025-10-28,Operations,CC301,Expense,Alpha Supplies,27945.46,Card,INV11224,EMP132,2025-10,False,False,False,False,-0.7737057908904414,False,0,OK
TX00051,2025-05-20,IT,CC301,Expense,Epsilon Tech,18711.87,UPI,INV10876,EMP104,2025-05,False,False,False,False,-1.3123484974866368,False,0,OK
TX00052,2025-07-24,Finance,CC501,Revenue,Alpha Supplies,65235.19,Card,INV11633,EMP100,2025-07,False,False,False,False,-0.1678014613056765,False,0,OK
TX00053,2025-05-16,HR,CC101,Expense,Epsilon Tech,107784.81,UPI,INV11168,EMP184,2025-05,False,False,False,False,0.7775807432754921,False,0,OK
TX00054,2025-09-14,Finance,CC201,Expense,Delta Services,57782.6,Card,INV11823,EMP133,2025-09,False,False,False,False,-0.14709973688196906,False,0,OK
TX00055,2025-12-08,Operations,CC102,Expense,FastLogix,34329.24,UPI,INV10762,EMP156,2025-12,False,False,False,False,-0.4467998145876482,False,0,OK
TX00056,2025-01-16,IT,CC401,Expense,CareMed,79316.97,Bank Transfer,INV10763,EMP137,2025-01,False,False,False,False,-0.014731030023982369,False,0,OK
TX00057,2025-02-02,Operations,CC501,Expense,CareMed,40508.59,Cash,INV11019,EMP129,2025-02,False,False,False,False,-0.5673886834884165,False,0,OK
TX00058,2025-07-10,Sales,CC101,Revenue,Delta Services,115539.06,Bank Transfer,INV12100,EMP165,2025-07,False,False,False,False,0.5152696383392886,False,0,OK
TX00059,2025-11-11,Sales,CC201,Expense,CareMed,67371.23,Card,INV10359,EMP103,2025-11,False,False,False,False,-0.27346974168779564,False,0,OK
TX00060,2025-08-25,Sales,CC201,Expense,Bright Systems,18008.24,Bank Transfer,INV10681,EMP160,2025-08,False,False,False,False,-1.0825771819926944,False,0,OK
TX00061,2025-06-21,Finance,CC401,Expense,Bright Systems,64394.7,Bank Transfer,INV11753,EMP144,2025-06,False,False,False,False,0.24581935863247262,False,0,OK
TX00062,2025-11-09,Operations,CC101,Expense,FastLogix,77625.34,Bank Transfer,INV12766,EMP146,2025-11,False,False,False,False,0.21975793978332112,False,0,OK
TX00063,2025-08-22,Operations,CC301,Expense,Bright Systems,31976.74,Bank Transfer,INV11335,EMP106,2025-08,False,False,False,False,-0.7404580816700378,False,0,OK
TX00064,2025-03-15,Sales,CC301,Expense,Bright Systems,21172.65,Cash,INV12075,EMP173,2025-03,False,False,False,False,-0.7361998156120384,False,0,OK
TX00065,2025-07-25,Finance,CC501,Expense,Delta Services,13883.99,Bank Transfer,INV12072,EMP167,2025-07,False,False,False,False,-1.090905581302272,False,0,OK
TX00066,2025-10-03,Finance,CC401,Expense,Delta Services,157079.85,Bank Transfer,INV12642,EMP141,2025-10,False,True,False,False,2.1503698459038203,False,1,Review
TX00067,2025-09-05,HR,CC102,Expense,CareMed,84423.02,UPI,INV11312,EMP152,2025-09,False,False,False,False,0.019387067401837665,False,0,OK
TX00068,2025-06-21,HR,CC501,Expense,FastLogix,75464.1,UPI,INV11629,EMP150,2025-06,False,False,False,False,-0.03184644091630571,False,0,OK
TX00069,2025-09-02,Sales,CC102,Expense,Delta Services,52395.87,UPI,INV12883,EMP118,2025-09,False,False,False,False,-0.04983577739342593,False,0,OK
TX00070,2025-04-01,HR,CC101,Expense,Alpha Supplies,15690.1,Bank Transfer,INV12892,EMP102,2025-04,False,False,False,False,-1.7482266478618407,False,0,OK
TX00071,2025-01-06,Operations,CC102,Expense,Bright Systems,75474.12,Bank Transfer,INV11619,EMP164,2025-01,False,False,False,False,-0.12063824763796009,False,0,OK
TX00072,2025-05-09,Finance,CC101,Expense,FastLogix,12503.49,UPI,INV10235,EMP149,2025-05,False,False,False,False,-1.3184407370068632,False,0,OK
TX00073,2025-05-24,Sales,CC101,Expense,CareMed,23595.44,Cash,INV12965,EMP159,2025-05,False,False,False,False,-1.3055255566274877,False,0,OK
TX00074,2025-08-11,Finance,CC401,Expense,FastLogix,36134.32,Card,INV12621,EMP103,2025-08,False,False,False,False,-0.6486552580879986,False,0,OK
TX00075,2025-09-13,Operations,CC101,Expense,FastLogix,62785.16,Card,INV11888,EMP122,2025-09,False,False,False,False,0.340338759007496,False,0,OK
TX00076,2025-01-25,Finance,CC101,Expense,Bright Systems,79299.94,Bank Transfer,INV11669,EMP166,2025-01,False,False,False,False,0.14412722530864924,False,0,OK
TX00077,2025-07-19,Operations,CC301,Revenue,Epsilon Tech,116594.84,Cash,INV10950,EMP132,2025-07,False,False,True,False,0.8949007377409354,False,1,Review
TX00078,2025-04-22,Operations,CC102,Expense,Bright Systems,111186.87,Cash,INV10814,EMP187,2025-04,False,False,True,False,0.30594883665408984,False,1,Review
TX00079,2025-04-24,IT,CC401,Expense,Delta Services,82270.9,Card,INV10793,EMP142,2025-04,False,False,False,False,0.1996968113563334,False,0,OK
TX00080,2025-11-05,HR,CC201,Revenue,FastLogix,32482.94,UPI,INV10984,EMP159,2025-11,False,False,False,False,-0.27076740944823086,False,0,OK
TX00081,2025-11-12,HR,CC301,Revenue,Epsilon Tech,58793.83,Card,INV11013,EMP150,2025-11,False,False,False,False,-0.16049167129256253,False,0,OK
TX00082,2025-08-09,Sales,CC101,Expense,Epsilon Tech,63234.76,Bank Transfer,INV12872,EMP100,2025-08,False,False,False,False,0.5507604991066003,False,0,OK
TX00083,2025-06-23,Sales,CC401,Expense,Epsilon Tech,86864.46,Bank Transfer,INV10574,EMP124,2025-06,False,False,False,False,0.40695281924015847,False,0,OK
TX00084,2025-10-11,Operations,CC102,Expense,CareMed,32826.36,Bank Transfer,INV10875,EMP150,2025-10,False,False,False,False,-0.6601369379683003,False,0,OK
TX00085,2025-06-24,Finance,CC301,Expense,Alpha Supplies,87278.2,Bank Transfer,INV11492,EMP148,2025-06,False,False,False,False,0.9030397326421589,False,0,OK
TX00086,2025-07-17,HR,CC101,Expense,FastLogix,11629.56,Card,INV11383,EMP148,2025-07,False,False,False,False,-0.8213734480089143,False,0,OK
TX00087,2025-07-01,IT,CC501,Revenue,CareMed,157023.67,Bank Transfer,INV12065,EMP100,2025-07,False,True,False,False,1.9541341735057578,False,1,Review
TX00088,2025-03-15,Operations,CC102,Expense,Alpha Supplies,94733.54,Bank Transfer,INV12972,EMP154,2025-03,False,False,False,False,0.36148133763112283,False,0,OK
TX00089,2025-07-03,Operations,CC102,Revenue,Bright Systems,144150.76,Bank Transfer,INV12007,EMP186,2025-07,False,False,False,False,1.4877556226986435,False,0,OK
TX00090,2025-11-08,Finance,CC401,Expense,Alpha Supplies,95916.37,Cash,INV12143,EMP187,2025-11,False,False,True,False,1.1093779536231791,False,1,Review
TX00091,2025-08-14,Sales,CC301,Revenue,FastLogix,53717.9,Bank Transfer,INV12198,EMP184,2025-08,False,False,False,False,0.20706290654925488,False,0,OK
TX00092,2025-03-16,IT,CC201,Expense,Delta Services,65230.54,Bank Transfer,INV11409,EMP166,2025-03,False,False,False,False,-0.035180977547238,False,0,OK
TX00093,2025-07-23,HR,CC301,Expense,FastLogix,56118.37,Bank Transfer,INV11076,EMP143,2025-07,False,False,False,False,-0.27091408090235236,False,0,OK
TX00094,2025-03-20,Operations,CC501,Revenue,Alpha Supplies,155276.6,Bank Transfer,INV12573,EMP108,2025-03,False,True,False,False,1.482977330455467,False,1,Review
TX00095,2025-08-02,IT,CC101,Expense,FastLogix,24184.52,Cash,INV12657,EMP186,2025-08,False,False,False,False,-1.1486024832857606,False,0,OK
TX00096,2025-05-11,Operations,CC401,Revenue,Alpha Supplies,225096.43,Bank Transfer,INV10341,EMP184,2025-05,False,True,False,False,2.9545915085830066,False,1,Review
TX00097,2025-11-25,Sales,CC102,Expense,Alpha Supplies,72333.28,Card,INV12969,EMP184,2025-11,False,False,False,False,-0.21736318963811124,False,0,OK
TX00098,2025-12-26,Operations,CC301,Revenue,Alpha Supplies,60052.07,Bank Transfer,INV12723,EMP158,2025-12,False,False,False,False,0.5126526179343582,False,0,OK
TX00099,2025-07-08,Sales,CC501,Expense,FastLogix,46550.77,Card,INV11762,EMP180,2025-07,False,False,False,False,-0.9182856994493465,False,0,OK
TX00100,2025-11-13,Sales,CC102,Expense,Bright Systems,22047.18,Bank Transfer,INV11040,EMP100,2025-11,False,False,False,False,-0.785954736886856,False,0,OK
TX00101,2025-09-11,Operations,CC101,Expense,CareMed,39509.48,UPI,INV11040,EMP173,2025-09,False,False,False,False,-0.48458619191173374,False,0,OK
TX00102,2025-09-23,Finance,CC301,Expense,CareMed,31120.52,UPI,INV11750,EMP179,2025-09,False,False,False,False,-0.4066496528542845,False,0,OK
TX00103,2025-06-08,Finance,CC102,Expense,CareMed,76301.79,Card,INV10136,EMP147,2025-06,False,False,False,False,0.5877942376137033,False,0,OK
TX00104,2025-08-18,Sales,CC401,Expense,FastLogix,52042.77,Card,INV11466,EMP116,2025-08,False,False,False,False,0.14656625658061107,False,0,OK
TX00105,2025-08-03,HR,CC301,Expense,CareMed,23415.45,Bank Transfer,INV12544,EMP103,2025-08,False,False,False,False,-0.6665347173219701,False,0,OK
TX00106,2025-06-25,IT,CC102,Expense,Epsilon Tech,96213.81,Bank Transfer,INV10310,EMP141,2025-06,False,False,False,False,0.1584441583611887,False,0,OK
TX00107,2025-02-27,IT,CC401,Expense,CareMed,47289.93,Bank Transfer,INV12424,EMP109,2025-02,False,False,False,False,-0.4635898204347671,False,0,OK
TX00108,2025-09-07,HR,CC401,Revenue,Alpha Supplies,41193.79,Bank Transfer,INV10431,EMP164,2025-09,False,False,False,False,-0.9330475873334024,False,0,OK
TX00109,2025-05-14,Finance,CC101,Expense,Delta Services,25744.28,UPI,INV12108,EMP142,2025-05,False,False,False,False,-0.9702262683714132,False,0,OK
TX00110,2025-12-06,Sales,CC501,Expense,Alpha Supplies,45202.06,UPI,INV11333,EMP173,2025-12,False,False,False,True,-0.5437378487514272,False,1,Review
TX00111,2025-11-02,Finance,CC102,Expense,Bright Systems,49614.41,Bank Transfer,INV11796,EMP153,2025-11,False,False,False,False,-0.45062716504399375,False,0,OK
TX00112,2025-07-17,Finance,CC201,Expense,Alpha Supplies,37839.66,Card,INV12263,EMP102,2025-07,False,False,False,False,-0.6602714836710805,False,0,OK
TX00113,2025-03-06,IT,CC401,Expense,Alpha Supplies,21107.96,UPI,INV11290,EMP155,2025-03,False,False,False,False,-0.9777237009796084,False,0,OK
TX00114,2025-03-27,HR,CC401,Revenue,Alpha Supplies,82390.07,Bank Transfer,INV10037,EMP171,2025-03,False,False,False,False,-0.3970903492542857,False,0,OK
TX00115,2025-11-05,Operations,CC102,Expense,Delta Services,49283.19,Card,INV11889,EMP139,2025-11,False,False,False,False,-0.6343123065760208,False,0,OK
TX00116,2025-11-13,IT,CC101,Revenue,CareMed,64396.76,Bank Transfer,INV12604,EMP188,2025-11,False,False,False,False,-0.19166923797071633,False,0,OK
TX00117,2025-05-10,HR,CC201,Revenue,Epsilon Tech,83896.98,Cash,INV12129,EMP101,2025-05,False,False,True,False,0.19553060446700282,False,1,Review
TX00118,2025-12-07,Operations,CC401,Expense,Alpha Supplies,52442.92,Bank Transfer,INV12913,EMP159,2025-12,False,False,False,False,0.22883402266607608,False,0,OK
TX00119,2025-08-13,Sales,CC501,Expense,Bright Systems,91999.33,Bank Transfer,INV12084,EMP121,2025-08,False,False,False,False,1.5895814400416608,False,0,OK
TX00120,2025-04-20,HR,CC102,Revenue,Alpha Supplies,80915.28,Bank Transfer,INV12257,EMP149,2025-04,False,False,False,False,0.3497078251711706,False,0,OK
TX00121,2025-12-04,Sales,CC201,Expense,Delta Services,125320.45,Bank Transfer,INV12926,EMP178,2025-12,False,False,False,False,1.4389193627135615,False,0,OK
TX00122,2025-03-11,Operations,CC102,Expense,Bright Systems,20165.39,Card,INV12931,EMP131,2025-03,False,False,False,False,-1.0198145766706088,False,0,OK
TX00123,2025-02-15,HR,CC501,Expense,CareMed,42962.78,Bank Transfer,INV10988,EMP120,2025-02,False,False,False,False,-0.3190042531240904,False,0,OK
TX00124,2025-05-27,HR,CC501,Revenue,Epsilon Tech,103816.07,Bank Transfer,INV11855,EMP124,2025-05,False,False,False,False,0.6808785452150238,False,0,OK
TX00125,2025-08-12,Operations,CC301,Expense,Delta Services,56370.96,Cash,INV11709,EMP149,2025-08,False,False,True,False,-0.08036499536260182,False,1,Review
TX00126,2025-04-07,Sales,CC401,Expense,Epsilon Tech,41550.33,UPI,INV12963,EMP145,2025-04,False,False,False,False,-0.705227990860915,False,0,OK
TX00127,2025-09-14,Finance,CC501,Expense,Delta Services,16219.26,Card,INV12548,EMP101,2025-09,False,False,False,False,-0.5517103825828589,False,0,OK
TX00128,2025-08-08,Sales,CC401,Expense,Epsilon Tech,57914.68,Bank Transfer,INV11389,EMP137,2025-08,False,False,False,False,0.3586279377142416,False,0,OK
TX00129,2025-11-13,Finance,CC101,Revenue,Alpha Supplies,66958.93,UPI,INV11695,EMP178,2025-11,False,False,False,True,0.13374420888542835,False,1,Review
TX00130,2025-06-22,HR,CC301,Expense,Bright Systems,54389.41,Bank Transfer,INV12636,EMP125,2025-06,False,False,False,False,-0.23790713315527653,False,0,OK
TX00131,2025-06-07,Operations,CC501,Expense,FastLogix,9522.84,UPI,INV10105,EMP143,2025-06,False,False,False,False,-1.3762898009365456,False,0,OK
TX00132,2025-01-08,Sales,CC401,Revenue,FastLogix,175101.62,UPI,INV11713,EMP161,2025-01,False,True,False,False,2.3095291480850313,False,1,Review
TX00133,2025-04-15,Sales,CC201,Revenue,Delta Services,115728.94,Bank Transfer,INV10013,EMP174,2025-04,False,False,False,False,0.9123494568947301,False,0,OK
TX00134,2025-02-22,HR,CC301,Expense,Epsilon Tech,15230.3,Cash,INV12356,EMP154,2025-02,False,False,False,False,-0.7353487680447937,False,0,OK
TX00135,2025-03-12,Operations,CC501,Revenue,FastLogix,70165.68,Bank Transfer,INV10444,EMP153,2025-03,False,False,False,False,-0.09361221962002184,False,0,OK
TX00136,2025-01-07,HR,CC101,Revenue,Bright Systems,28249.67,UPI,INV12199,EMP149,2025-01,False,False,False,False,-1.3112952809732306,False,0,OK
TX00137,2025-01-19,Finance,CC301,Expense,Bright Systems,26076.56,UPI,INV11441,EMP135,2025-01,False,False,False,False,-0.8322832246114148,False,0,OK
TX00138,2025-06-07,Operations,CC201,Expense,FastLogix,19394.7,UPI,INV12914,EMP125,2025-06,False,False,False,False,-1.06611914530989,False,0,OK
TX00139,2025-08-04,Operations,CC301,Expense,Bright Systems,15350.99,UPI,INV10552,EMP161,2025-08,False,False,False,False,-1.1903409895751014,False,0,OK
TX00140,2025-06-28,IT,CC501,Expense,Alpha Supplies,30533.29,Bank Transfer,INV10027,EMP165,2025-06,False,False,False,False,-0.6816667634143961,False,0,OK
TX00141,2025-03-05,IT,CC101,Revenue,Delta Services,35535.88,Bank Transfer,INV11993,EMP109,2025-03,False,False,False,False,-0.669515726507935,False,0,OK
TX00142,2025-12-09,Finance,CC401,Expense,CareMed,40430.17,Bank Transfer,INV12933,EMP183,2025-12,False,False,False,True,-0.6653880961076968,False,1,Review
TX00143,2025-12-25,Sales,CC401,Expense,Delta Services,93280.69,Card,INV11742,EMP105,2025-12,False,False,False,False,0.6460444532501102,False,0,OK
TX00144,2025-12-27,IT,CC301,Expense,Bright Systems,45416.38,Bank Transfer,INV10281,EMP128,2025-12,False,False,False,False,-0.9080826744640544,False,0,OK
TX00145,2025-01-23,Sales,CC501,Expense,CareMed,50348.69,Bank Transfer,INV12740,EMP187,2025-01,False,False,False,False,-0.6716228719581496,False,0,OK
TX00146,2025-11-11,Operations,CC101,Expense,Alpha Supplies,9964.79,Bank Transfer,INV12474,EMP149,2025-11,False,False,False,False,-1.819143929245972,False,0,OK
TX00147,2025-07-12,HR,CC501,Expense,Bright Systems,68358.69,Bank Transfer,INV11799,EMP128,2025-07,False,False,False,False,-0.11946478836380636,False,0,OK
TX00148,2025-06-05,Operations,CC101,Revenue,Bright Systems,100748.47,Bank Transfer,INV10344,EMP145,2025-06,False,False,False,False,1.4899900558538361,False,0,OK
TX00149,2025-04-01,Finance,CC201,Revenue,FastLogix,59467.37,UPI,INV10574,EMP172,2025-04,False,False,False,False,0.1398054698899658,False,0,OK
TX00150,2025-01-09,Finance,CC401,Revenue,Epsilon Tech,106918.32,UPI,INV10018,EMP169,2025-01,False,False,False,False,0.650800699294392,False,0,OK
TX00151,2025-02-18,IT,CC101,Expense,Epsilon Tech,28418.35,Bank Transfer,INV10821,EMP170,2025-02,False,False,False,False,-0.7848863957669784,False,0,OK
TX00152,2025-09-21,Finance,CC301,Expense,Epsilon Tech,471480.78,Card,INV12338,EMP143,2025-09,False,True,False,False,3.880167747759134,True,2,Review
TX00153,2025-06-26,Sales,CC201,Expense,FastLogix,8416.4,Card,INV11026,EMP184,2025-06,False,False,False,False,-1.5982349707126975,False,0,OK
TX00154,2025-10-08,Operations,CC501,Revenue,Epsilon Tech,36127.13,Card,INV12830,EMP142,2025-10,False,False,False,False,-0.5833345731053006,False,0,OK
TX00155,2025-07-06,Operations,CC301,Revenue,Epsilon Tech,166311.45,UPI,INV11827,EMP174,2025-07,False,True,False,False,1.9645342358073121,False,1,Review
TX00156,2025-03-15,HR,CC401,Expense,CareMed,47016.62,Bank Transfer,INV11692,EMP127,2025-03,False,False,False,False,-0.6727327730888899,False,0,OK
TX00157,2025-03-08,Operations,CC301,Revenue,Bright Systems,52219.09,Card,INV11062,EMP112,2025-03,False,False,False,False,-0.4260537706394358,False,0,OK
TX00158,2025-07-24,Finance,CC102,Expense,Delta Services,41695.29,Bank Transfer,INV11845,EMP100,2025-07,False,False,False,False,-0.5909615563824783,False,0,OK
TX00159,2025-12-24,IT,CC102,Expense,Epsilon Tech,92898.72,Bank Transfer,INV10520,EMP114,2025-12,False,False,False,False,0.014791091204530616,False,0,OK
TX00160,2025-10-24,Operations,CC101,Revenue,Alpha Supplies,61397.16,Bank Transfer,INV12904,EMP117,2025-10,False,False,False,False,0.004648856263892385,False,0,OK
TX00161,2025-03-04,Operations,CC101,Expense,Epsilon Tech,79403.24,Cash,INV11249,EMP132,2025-03,False,False,True,False,0.0775037848150771,False,1,Review
TX00162,2025-07-21,Finance,CC501,Expense,CareMed,82272.11,Bank Transfer,INV12556,EMP156,2025-07,False,False,False,False,0.1384591722151058,False,0,OK
TX00163,2025-09-02,Sales,CC401,Expense,Bright Systems,146704.02,Cash,INV12506,EMP123,2025-09,False,False,True,False,2.2528034692595136,False,1,Review
TX00164,2025-12-14,Sales,CC301,Revenue,Bright Systems,104244.81,Card,INV10072,EMP107,2025-12,False,False,False,False,0.9173690715477009,False,0,OK
TX00165,2025-01-27,Finance,CC301,Expense,Delta Services,55205.03,Card,INV12428,EMP157,2025-01,False,False,False,False,-0.29790636808364285,False,0,OK
TX00166,2025-03-22,Operations,CC301,Expense,Alpha Supplies,10457.92,Bank Transfer,INV12500,EMP176,2025-03,False,False,False,False,-1.1996351656111501,False,0,OK
TX00167,2025-09-23,Operations,CC501,Expense,Delta Services,31785.09,Card,INV12562,EMP115,2025-09,False,False,False,False,-0.7583501395872041,False,0,OK
TX00168,2025-07-28,Sales,CC501,Revenue,Delta Services,46741.58,Cash,INV10799,EMP132,2025-07,False,False,False,False,-0.9143207266401429,False,0,OK
TX00169,2025-05-16,HR,CC501,Expense,Epsilon Tech,28405.17,UPI,INV12496,EMP174,2025-05,False,False,False,False,-1.1565811492265856,False,0,OK
TX00170,2025-03-20,Operations,CC301,Revenue,FastLogix,104230.97,Bank Transfer,INV10560,EMP141,2025-03,False,False,False,False,0.5374111582766223,False,0,OK
TX00171,2025-06-18,IT,CC201,Expense,Bright Systems,47954.44,UPI,INV10947,EMP113,2025-06,False,False,False,False,-0.4588351173663635,False,0,OK
TX00172,2025-09-15,IT,CC201,Expense,Bright Systems,72127.93,Card,INV11312,EMP135,2025-09,False,False,False,False,0.22808905982725242,False,0,OK
TX00173,2025-01-14,IT,CC301,Expense,Alpha Supplies,51621.33,Card,INV12529,EMP107,2025-01,False,False,False,False,-0.7417552577528264,False,0,OK
TX00174,2025-05-02,HR,CC101,Expense,Epsilon Tech,64525.32,Bank Transfer,INV10845,EMP119,2025-05,False,False,False,False,-0.27647867356079864,False,0,OK
TX00175,2025-02-28,IT,CC201,Expense,Delta Services,49604.48,Bank Transfer,INV11540,EMP182,2025-02,False,False,False,False,-0.42418363460214625,False,0,OK
TX00176,2025-02-10,Finance,CC102,Expense,Bright Systems,52503.87,Bank Transfer,INV11122,EMP120,2025-02,False,False,False,False,-0.3115741894213764,False,0,OK
TX00177,2025-09-28,Sales,CC301,Expense,Delta Services,38757.86,UPI,INV11382,EMP151,2025-09,False,False,False,False,-0.3828230862553351,False,0,OK
TX00178,2025-04-04,HR,CC501,Expense,Epsilon Tech,44320.89,Bank Transfer,INV12139,EMP185,2025-04,False,False,False,False,-0.827331966832692,False,0,OK
TX00179,2025-07-05,IT,CC501,Revenue,Bright Systems,174093.59,Card,INV11911,EMP138,2025-07,False,True,False,False,2.3316343161730897,False,1,Review
TX00180,2025-05-01,IT,CC401,Revenue,Epsilon Tech,51837.8,Cash,INV12355,EMP154,2025-05,False,False,True,False,-0.43297636378566556,False,1,Review
TX00181,2025-05-26,HR,CC102,Expense,Delta Services,47096.31,UPI,INV11459,EMP128,2025-05,False,False,False,False,-0.7011534008087131,False,0,OK
TX00182,2025-06-10,IT,CC102,Revenue,Alpha Supplies,60948.43,Bank Transfer,INV11120,EMP109,2025-06,False,False,False,False,-0.2926306945566365,False,0,OK
TX00183,2025-02-26,HR,CC401,Revenue,Bright Systems,22237.1,Card,INV12514,EMP168,2025-02,False,False,False,False,-0.6301564899958638,False,0,OK
TX00184,2025-12-01,IT,CC401,Expense,CareMed,87831.49,Bank Transfer,INV10147,EMP120,2025-12,False,False,False,False,-0.08369633868221928,False,0,OK
TX00185,2025-08-26,HR,CC201,Revenue,CareMed,71710.68,Card,INV12567,EMP163,2025-08,False,False,False,False,0.44703930186112645,False,0,OK
TX00186,2025-10-06,HR,CC101,Expense,Alpha Supplies,36289.7,Card,INV10962,EMP148,2025-10,False,False,False,False,-0.49338065105893614,False,0,OK
TX00187,2025-04-04,Finance,CC101,Revenue,FastLogix,128640.94,Bank Transfer,INV10780,EMP152,2025-04,False,False,False,False,1.9464676248689923,False,0,OK
TX00188,2025-12-02,Sales,CC102,Expense,Bright Systems,32553.87,Bank Transfer,INV12837,EMP129,2025-12,False,False,False,False,-0.8567374623916832,False,0,OK
TX00189,2025-04-21,HR,CC201,Revenue,Epsilon Tech,107009.97,UPI,INV12196,EMP112,2025-04,False,False,False,False,1.1890301499866758,False,0,OK
TX00190,2025-05-08,HR,CC201,Expense,FastLogix,56247.67,UPI,INV10769,EMP128,2025-05,False,False,False,False,-0.4781716415494394,False,0,OK
TX00191,2025-05-15,HR,CC201,Revenue,CareMed,53624.31,Cash,INV10514,EMP162,2025-05,False,False,True,False,-0.5420923514734735,False,1,Review
TX00192,2025-06-19,IT,CC501,Revenue,Alpha Supplies,116511.07,Bank Transfer,INV11284,EMP102,2025-06,False,False,False,False,0.41806375041251104,False,0,OK
TX00193,2025-01-04,Sales,CC102,Expense,Alpha Supplies,115717.53,Bank Transfer,INV12984,EMP112,2025-01,False,False,False,False,0.890460274416685,False,0,OK
TX00194,2025-09-20,HR,CC501,Revenue,Bright Systems,58992.58,Bank Transfer,INV12634,EMP115,2025-09,False,False,False,False,-0.5409012454171794,False,0,OK
TX00195,2025-03-23,Sales,CC401,Expense,Epsilon Tech,418129.86,Cash,INV11013,EMP125,2025-03,False,True,True,False,3.3077522128795915,True,3,Review
TX00196,2025-05-06,IT,CC501,Expense,Epsilon Tech,36776.32,UPI,INV10525,EMP102,2025-05,False,False,False,False,-0.8328035023533829,False,0,OK
TX00197,2025-08-05,Operations,CC301,Expense,FastLogix,20985.62,Card,INV11938,EMP130,2025-08,False,False,False,False,-1.0378712526087024,False,0,OK
TX00198,2025-12-28,Sales,CC101,Expense,CareMed,43169.38,Cash,INV12974,EMP163,2025-12,False,False,False,False,-0.5940397539769396,False,0,OK
TX00199,2025-03-16,IT,CC301,Expense,Alpha Supplies,35872.36,Bank Transfer,INV11651,EMP146,2025-03,False,False,False,False,-0.6623278699596433,False,0,OK
TX00200,2025-11-25,HR,CC501,Expense,Alpha Supplies,46163.62,Card,INV11582,EMP177,2025-11,False,False,False,False,-0.2134281447760176,False,0,OK
TX00201,2025-12-11,Finance,CC102,Expense,Alpha Supplies,150471.29,UPI,INV11794,EMP176,2025-12,False,True,False,False,2.3187138901829925,False,1,Review
TX00202,2025-11-17,IT,CC501,Expense,Epsilon Tech,36893.92,Card,INV12003,EMP148,2025-11,False,False,False,False,-0.6626631901160057,False,0,OK
TX00203,2025-05-10,IT,CC301,Expense,Delta Services,65279.78,UPI,INV12978,EMP100,2025-05,False,False,False,False,-0.07614101957749463,False,0,OK
TX00204,2025-08-25,HR,CC501,Expense,FastLogix,24227.95,Card,INV10547,EMP184,2025-08,False,False,False,False,-0.6478003849544409,False,0,OK
TX00205,2025-08-12,Operations,CC501,Expense,CareMed,57428.53,Cash,INV10905,EMP179,2025-08,False,False,True,False,-0.05174778008430413,False,1,Review
TX00206,2025-06-10,Finance,CC401,Expense,Alpha Supplies,34137.64,UPI,INV11464,EMP120,2025-06,False,False,False,False,-0.6231716737547721,False,0,OK
TX00207,2025-04-18,Finance,CC201,Expense,Bright Systems,47589.09,Card,INV11495,EMP114,2025-04,False,False,False,False,-0.17042918970970902,False,0,OK
TX00208,2025-07-21,Operations,CC102,Expense,FastLogix,75336.22,Card,INV11938,EMP188,2025-07,False,False,False,False,0.007237599888387588,False,0,OK
TX00209,2025-05-12,Finance,CC401,Expense,Bright Systems,19765.43,Bank Transfer,INV12374,EMP185,2025-05,False,False,False,False,-1.1274617562691187,False,0,OK
TX00210,2025-07-01,Finance,CC401,Expense,Delta Services,39826.43,Card,INV10965,EMP169,2025-07,False,False,False,False,-0.6245567277844482,False,0,OK
TX00211,2025-02-01,Operations,CC401,Expense,FastLogix,52617.79,Card,INV10097,EMP115,2025-02,False,False,False,False,-0.12104016887576274,False,0,OK
TX00212,2025-03-07,HR,CC501,Revenue,Bright Systems,89928.86,Cash,INV10883,EMP185,2025-03,False,False,True,False,-0.3383454332684242,False,1,Review
TX00213,2025-08-08,IT,CC501,Expense,FastLogix,39923.31,Cash,INV10446,EMP165,2025-08,False,False,False,False,-0.6831612496369629,False,0,OK
TX00214,2025-09-24,Sales,CC301,Expense,Delta Services,15153.74,Bank Transfer,INV11814,EMP188,2025-09,False,False,False,False,-0.9591441475284658,False,0,OK
TX00215,2025-11-18,Sales,CC201,Expense,CareMed,51407.03,Cash,INV12211,EMP184,2025-11,False,False,True,False,-0.45397905099172675,False,1,Review
TX00216,2025-08-23,Finance,CC501,Expense,Bright Systems,16920.64,Card,INV12433,EMP106,2025-08,False,False,False,False,-0.954936376811866,False,0,OK
TX00217,2025-03-13,Sales,CC201,Expense,FastLogix,38816.78,UPI,INV11915,EMP147,2025-03,False,False,False,False,-0.5564524435855421,False,0,OK
TX00218,2025-11-05,HR,CC501,Expense,FastLogix,37085.95,Bank Transfer,INV11930,EMP145,2025-11,False,False,False,False,-0.25147500521987054,False,0,OK
TX00219,2025-07-16,Finance,CC401,Revenue,Epsilon Tech,56286.63,Bank Transfer,INV12243,EMP124,2025-07,False,False,False,False,-0.3286633808720496,False,0,OK
TX00220,2025-04-02,Operations,CC501,Expense,CareMed,59498.63,UPI,INV11395,EMP149,2025-04,False,False,False,False,-0.5064768992597216,False,0,OK
TX00221,2025-06-19,HR,CC301,Revenue,Bright Systems,169475.26,UPI,INV10475,EMP129,2025-06,False,True,False,False,0.8873606604829861,False,1,Review
TX00222,2025-10-16,IT,CC301,Revenue,FastLogix,194804.74,Bank Transfer,INV11098,EMP156,2025-10,False,True,False,False,2.856771051657951,False,1,Review
TX00223,2025-07-16,Finance,CC401,Revenue,FastLogix,98309.68,Bank Transfer,INV10935,EMP127,2025-07,False,False,False,False,0.4267551992161066,False,0,OK
TX00224,2025-07-06,Finance,CC301,Expense,CareMed,51811.44,Bank Transfer,INV12274,EMP156,2025-07,False,False,False,False,-0.40911069908014525,False,0,OK
TX00225,2025-05-21,HR,CC501,Revenue,Alpha Supplies,125532.55,UPI,INV12266,EMP122,2025-05,False,False,False,False,1.2100216360035876,False,0,OK
TX00226,2025-11-27,Operations,CC501,Expense,Delta Services,88564.86,Bank Transfer,INV11682,EMP129,2025-11,False,False,False,False,0.5494124840381837,False,0,OK
TX00227,2025-11-20,Finance,CC101,Expense,FastLogix,41769.52,Bank Transfer,INV12994,EMP102,2025-11,False,False,False,False,-0.7149371112186467,False,0,OK
TX00228,2025-10-19,Finance,CC301,Expense,FastLogix,61492.46,Bank Transfer,INV11398,EMP118,2025-10,False,False,False,False,-0.01653862846647901,False,0,OK
TX00229,2025-04-14,IT,CC401,Expense,Alpha Supplies,11175.29,Bank Transfer,INV12381,EMP140,2025-04,False,False,False,False,-1.3146931208967056,False,0,OK
TX00230,2025-04-27,HR,CC301,Revenue,Alpha Supplies,121124.41,Bank Transfer,INV12315,EMP134,2025-04,False,False,False,False,1.6430138759580883,False,0,OK
TX00231,2025-11-14,Operations,CC401,Expense,Epsilon Tech,149342.2,Bank Transfer,INV12044,EMP172,2025-11,False,False,False,False,2.380893784746334,False,0,OK
TX00232,2025-09-04,Sales,CC101,Expense,Alpha Supplies,22024.31,Bank Transfer,INV10405,EMP120,2025-09,False,False,False,False,-0.7913914757935595,False,0,OK
TX00233,2025-03-06,HR,CC101,Revenue,Delta Services,75375.32,UPI,INV11515,EMP165,2025-03,False,False,False,False,-0.45175176035763553,False,0,OK
TX00234,2025-08-02,Sales,CC101,Expense,FastLogix,34690.46,Bank Transfer,INV11936,EMP160,2025-08,False,False,False,False,-0.48010547887717114,False,0,OK
TX00235,2025-12-06,Operations,CC201,Expense,Delta Services,5623.73,Card,INV10141,EMP134,2025-12,False,False,False,False,-1.517505152852714,False,0,OK
TX00236,2025-04-24,Finance,CC401,Expense,Alpha Supplies,15565.12,Bank Transfer,INV10554,EMP119,2025-04,False,False,False,False,-1.0068251520864329,False,0,OK
TX00237,2025-12-01,Operations,CC401,Expense,FastLogix,34552.02,UPI,INV10816,EMP140,2025-12,False,False,False,False,-0.43849019963014735,False,0,OK
TX00238,2025-01-24,IT,CC201,Revenue,Alpha Supplies,78320.38,UPI,INV10000,EMP139,2025-01,False,False,False,False,-0.04089200969848298,False,0,OK
TX00239,2025-12-19,HR,CC401,Revenue,Delta Services,151809.52,Cash,INV10858,EMP145,2025-12,False,True,True,False,1.2430275698723787,False,2,Review
TX00240,2025-07-13,Finance,CC301,Expense,Bright Systems,24591.82,UPI,INV10419,EMP181,2025-07,False,False,False,False,-0.8984185120765646,False,0,OK
TX00241,2025-05-19,HR,CC301,Revenue,Delta Services,63938.23,Card,INV12497,EMP150,2025-05,False,False,False,False,-0.29078369063405624,False,0,OK
TX00242,2025-11-13,Operations,CC501,Expense,FastLogix,62536.68,Card,INV10386,EMP115,2025-11,False,False,False,False,-0.23492794549469576,False,0,OK
TX00243,2025-08-02,Finance,CC101,Expense,CareMed,22829.97,Bank Transfer,INV11998,EMP189,2025-08,False,False,False,False,-0.8607370249277652,False,0,OK
TX00244,2025-05-21,Finance,CC101,Revenue,Alpha Supplies,64025.41,Cash,INV12120,EMP152,2025-05,False,False,True,False,0.03651451837277528,False,1,Review
TX00245,2025-06-26,HR,CC301,Revenue,CareMed,40244.05,UPI,INV12719,EMP156,2025-06,False,False,False,False,-0.37621534426393094,False,0,OK
TX00246,2025-06-04,HR,CC101,Expense,Bright Systems,40934.05,UPI,INV12606,EMP119,2025-06,False,False,False,False,-0.3694687739634952,False,0,OK
TX00247,2025-03-10,HR,CC102,Expense,CareMed,20420.54,Cash,INV12442,EMP148,2025-03,False,False,False,False,-0.8799788278474456,False,0,OK
TX00248,2025-01-06,IT,CC102,Revenue,Delta Services,98626.83,Bank Transfer,INV10442,EMP166,2025-01,False,False,False,False,0.4921623313156399,False,0,OK
TX00249,2025-11-13,HR,CC102,Expense,FastLogix,43765.22,Bank Transfer,INV12172,EMP114,2025-11,False,False,False,False,-0.22348045887077286,False,0,OK
TX00250,2025-05-10,IT,CC102,Expense,Bright Systems,73061.98,Card,INV12693,EMP167,2025-05,False,False,False,False,0.13044789185496009,False,0,OK
TX00251,2025-02-28,Finance,CC101,Expense,CareMed,44914.55,Bank Transfer,INV10067,EMP168,2025-02,False,False,False,False,-0.48863843398796025,False,0,OK
TX00252,2025-05-09,Finance,CC401,Expense,FastLogix,62399.48,UPI,INV12946,EMP141,2025-05,False,False,False,False,-0.006245192414000832,False,0,OK
TX00253,2025-02-13,Sales,CC102,Expense,FastLogix,22124.78,Card,INV11627,EMP162,2025-02,False,False,False,False,-1.0606467375283595,False,0,OK
TX00254,2025-08-03,IT,CC102,Expense,CareMed,73446.55,Cash,INV12151,EMP185,2025-08,False,False,True,False,0.30821726049658155,False,1,Review
TX00255,2025-09-24,Operations,CC201,Expense,Epsilon Tech,50535.47,UPI,INV12046,EMP163,2025-09,False,False,False,False,-0.09380859660255626,False,0,OK
TX00256,2025-11-21,Operations,CC201,Expense,Delta Services,45554.48,Cash,INV11510,EMP104,2025-11,False,False,False,False,-0.7466742928156864,False,0,OK
TX00257,2025-01-24,HR,CC101,Revenue,Delta Services,93055.95,Bank Transfer,INV11251,EMP174,2025-01,False,False,False,False,0.9122228200694227,False,0,OK
TX00258,2025-01-24,Sales,CC201,Revenue,CareMed,102774.09,UPI,INV12046,EMP103,2025-01,False,False,False,False,0.5811580215372719,False,0,OK
TX00259,2025-07-13,Sales,CC101,Expense,Epsilon Tech,91069.03,Bank Transfer,INV11346,EMP158,2025-07,False,False,False,False,0.006789980090794068,False,0,OK
TX00260,2025-05-13,IT,CC102,Expense,Epsilon Tech,42237.6,UPI,INV12953,EMP141,2025-05,False,False,False,False,-0.6878265176668114,False,0,OK
TX00261,2025-05-16,HR,CC102,Expense,CareMed,81820.21,Bank Transfer,INV11088,EMP135,2025-05,False,False,False,False,0.14492808984875158,False,0,OK
TX00262,2025-09-05,Finance,CC401,Expense,Epsilon Tech,64716.25,UPI,INV10256,EMP135,2025-09,False,False,False,False,-0.0796020669746908,False,0,OK
TX00263,2025-03-02,Finance,CC102,Expense,Delta Services,30763.43,Bank Transfer,INV10187,EMP176,2025-03,False,False,False,False,-1.1071017664921823,False,0,OK
TX00264,2025-02-13,IT,CC201,Expense,Bright Systems,43876.12,Card,INV12369,EMP165,2025-02,False,False,False,False,-0.5217113694431096,False,0,OK
TX00265,2025-10-13,HR,CC102,Expense,FastLogix,35485.35,Card,INV12368,EMP116,2025-10,False,False,False,False,-0.5006877067817258,False,0,OK
TX00266,2025-09-21,IT,CC401,Expense,CareMed,30273.22,Bank Transfer,INV12384,EMP154,2025-09,False,False,False,False,-0.8434870655527587,False,0,OK
TX00267,2025-07-10,Operations,CC301,Expense,Delta Services,61617.99,Bank Transfer,INV10052,EMP123,2025-07,False,False,False,False,-0.2879047749070603,False,0,OK
TX00268,2025-06-04,IT,CC201,Revenue,Bright Systems,120954.92,Bank Transfer,INV11464,EMP125,2025-06,False,False,False,False,0.4749044532530553,False,0,OK
TX00269,2025-02-22,Finance,CC102,Expense,FastLogix,76052.04,Cash,INV11180,EMP127,2025-02,False,False,True,False,0.23782139964002744,False,1,Review
TX00270,2025-11-25,Finance,CC201,Expense,CareMed,54365.98,UPI,INV11106,EMP148,2025-11,False,False,False,False,-0.29053732172622965,False,0,OK
TX00271,2025-06-16,HR,CC201,Expense,Bright Systems,86382.75,Card,INV12010,EMP188,2025-06,False,False,False,False,0.0749121675052197,False,0,OK
TX00272,2025-08-23,Operations,CC401,Revenue,Epsilon Tech,57388.85,UPI,INV11736,EMP120,2025-08,False,False,False,False,-0.05282149728717757,False,0,OK
TX00273,2025-04-19,Sales,CC301,Revenue,Alpha Supplies,85813.12,Card,INV11681,EMP177,2025-04,False,False,False,False,0.2599894873143175,False,0,OK
TX00274,2025-03-12,Finance,CC301,Revenue,Epsilon Tech,77181.4,Card,INV11482,EMP153,2025-03,False,False,False,False,0.5316778932644416,False,0,OK
TX00275,2025-08-22,Finance,CC301,Expense,Epsilon Tech,45164.25,Bank Transfer,INV11051,EMP169,2025-08,False,False,False,False,-0.5047110963033633,False,0,OK
TX00276,2025-12-12,IT,CC301,Revenue,FastLogix,148492.55,Card,INV12100,EMP173,2025-12,False,False,False,False,1.0953209732625575,False,0,OK
TX00277,2025-05-06,Operations,CC501,Revenue,FastLogix,15582.42,Card,INV10540,EMP142,2025-05,False,False,False,False,-1.0500944585800664,False,0,OK
TX00278,2025-09-04,Operations,CC301,Expense,Alpha Supplies,42601.06,Cash,INV12512,EMP157,2025-09,False,False,False,False,-0.3750159675503889,False,0,OK
TX00279,2025-12-27,IT,CC102,Revenue,FastLogix,71031.12,Bank Transfer,INV12102,EMP157,2025-12,False,False,False,False,-0.41023080868781575,False,0,OK
TX00280,2025-07-20,Finance,CC501,Expense,CareMed,67552.54,Card,INV12207,EMP174,2025-07,False,False,False,False,-0.12614410310423033,False,0,OK
TX00281,2025-08-01,Finance,CC401,Expense,Delta Services,133544.48,Cash,INV12204,EMP127,2025-08,False,False,True,True,0.904139041591757,False,2,Review
TX00282,2025-12-23,HR,CC102,Expense,Alpha Supplies,53734.57,Card,INV12587,EMP121,2025-12,False,False,False,False,-0.4176690093110421,False,0,OK
TX00283,2025-09-17,Sales,CC102,Expense,Bright Systems,14741.52,UPI,INV12554,EMP144,2025-09,False,False,False,False,-0.9692089611236352,False,0,OK
TX00284,2025-03-11,IT,CC401,Expense,Delta Services,111058.78,Bank Transfer,INV12611,EMP187,2025-03,False,False,False,False,0.9437979067272602,False,0,OK
TX00285,2025-06-28,Finance,CC101,Expense,Bright Systems,23917.93,Bank Transfer,INV11843,EMP174,2025-06,False,False,False,False,-0.9166845379787995,False,0,OK
TX00286,2025-08-22,Finance,CC102,Expense,Bright Systems,48111.87,Bank Transfer,INV12645,EMP161,2025-08,False,False,False,False,-0.45772372318312565,False,0,OK
TX00287,2025-02-14,Operations,CC501,Expense,FastLogix,14309.59,UPI,INV12567,EMP143,2025-02,False,False,False,False,-1.5330911852504576,False,0,OK
TX00288,2025-11-12,Finance,CC101,Revenue,Epsilon Tech,123391.73,Card,INV11275,EMP147,2025-11,False,False,False,False,2.035077475570486,False,0,OK
TX00289,2025-08-27,Operations,CC501,Expense,CareMed,76491.89,Bank Transfer,INV12001,EMP125,2025-08,False,False,False,False,0.46409540480907324,False,0,OK
TX00290,2025-06-04,HR,CC201,Revenue,Epsilon Tech,92949.87,Cash,INV12409,EMP107,2025-06,False,False,True,False,0.13912309033333195,False,1,Review
TX00291,2025-04-15,Finance,CC201,Expense,CareMed,66856.21,Cash,INV12140,EMP185,2025-04,False,False,True,False,0.33278578877758774,False,1,Review
TX00292,2025-12-09,IT,CC102,Revenue,Delta Services,123757.78,Cash,INV11626,EMP121,2025-12,False,False,True,False,0.6145723342349457,False,1,Review
TX00293,2025-05-27,Finance,CC401,Expense,Epsilon Tech,47788.67,Card,INV10979,EMP119,2025-05,False,False,False,False,-0.3904892926892503,False,0,OK
TX00294,2025-05-03,Sales,CC101,Expense,Bright Systems,68442.67,Cash,INV10115,EMP183,2025-05,False,False,True,False,0.10490343582822373,False,1,Review
TX00295,2025-05-27,Operations,CC301,Revenue,Alpha Supplies,53163.87,Bank Transfer,INV11424,EMP121,2025-05,False,False,False,False,-0.331756312884508,False,0,OK
TX00296,2025-02-24,IT,CC101,Revenue,Epsilon Tech,199672.25,UPI,INV11132,EMP159,2025-02,False,True,False,False,2.1307831762712386,False,1,Review
TX00297,2025-07-15,Operations,CC401,Expense,Delta Services,17209.31,Bank Transfer,INV10111,EMP145,2025-07,False,False,False,False,-1.2433402266184768,False,0,OK
TX00298,2025-12-14,Finance,CC201,Expense,CareMed,54557.73,Bank Transfer,INV10039,EMP162,2025-12,False,False,False,False,-0.28227603892906306,False,0,OK
TX00299,2025-04-02,IT,CC102,Revenue,Bright Systems,151848.29,Bank Transfer,INV10253,EMP152,2025-04,False,True,False,False,1.6817475164342321,False,1,Review
TX00300,2025-09-25,IT,CC101,Expense,FastLogix,29548.85,Bank Transfer,INV11714,EMP185,2025-09,False,False,False,False,-0.8620325912042689,False,0,OK
TX00301,2025-04-28,HR,CC501,Revenue,Delta Services,80136.33,Bank Transfer,INV12584,EMP126,2025-04,False,False,False,False,0.3246532977974009,False,0,OK
TX00302,2025-03-14,Finance,CC501,Expense,FastLogix,89626.95,Bank Transfer,INV11045,EMP184,2025-03,False,False,False,False,0.9710662205541541,False,0,OK
TX00303,2025-06-21,Finance,CC201,Expense,Bright Systems,27494.04,Card,INV10009,EMP185,2025-06,False,False,False,False,-0.8139776814358851,False,0,OK
TX00304,2025-09-17,HR,CC301,Expense,CareMed,65055.08,Bank Transfer,INV11856,EMP162,2025-09,False,False,False,False,-0.4073310871161319,False,0,OK
TX00305,2025-09-19,HR,CC101,Revenue,Bright Systems,148060.29,Card,INV10166,EMP156,2025-09,False,False,False,False,1.4214555585765185,False,0,OK
TX00306,2025-01-02,Sales,CC101,Expense,Epsilon Tech,69444.94,Bank Transfer,INV10560,EMP175,2025-01,False,False,False,False,-0.21529030916584005,False,0,OK
TX00307,2025-07-01,Finance,CC201,Expense,Delta Services,22139.38,Cash,INV11937,EMP182,2025-07,False,False,False,False,-0.942504287443926,False,0,OK
TX00308,2025-11-20,Sales,CC501,Revenue,FastLogix,314908.91,Card,INV12240,EMP168,2025-11,False,True,False,False,2.525471366760954,False,1,Review
TX00309,2025-11-16,IT,CC501,Expense,Delta Services,61452.96,Card,INV12475,EMP122,2025-11,False,False,False,False,-0.24208264968839002,False,0,OK
TX00310,2025-02-24,Sales,CC101,Revenue,FastLogix,162784.91,Bank Transfer,INV10463,EMP171,2025-02,False,True,False,False,2.15795550197336,False,1,Review
TX00311,2025-12-01,Finance,CC301,Expense,CareMed,56095.96,Bank Transfer,INV12949,EMP104,2025-12,False,False,False,False,-0.2405622214181915,False,0,OK
TX00312,2025-09-28,IT,CC501,Expense,Alpha Supplies,33910.42,Bank Transfer,INV11473,EMP146,2025-09,False,False,False,False,-0.7503664422529633,False,0,OK
TX00313,2025-07-04,Finance,CC401,Revenue,FastLogix,116246.29,Bank Transfer,INV12878,EMP173,2025-07,False,False,False,False,0.7491889220847472,False,0,OK
TX00314,2025-09-25,Operations,CC501,Expense,Alpha Supplies,98936.73,Card,INV11435,EMP161,2025-09,False,False,False,False,1.6216045311741134,False,0,OK
TX00315,2025-09-05,Operations,CC102,Expense,Alpha Supplies,22237.72,Bank Transfer,INV11826,EMP179,2025-09,False,False,False,False,-1.0967232280923618,False,0,OK
TX00316,2025-02-28,Operations,CC501,Revenue,CareMed,86196.02,Card,INV12414,EMP165,2025-02,False,False,False,False,1.1166628242056997,False,0,OK
TX00317,2025-05-02,Sales,CC501,Expense,Bright Systems,29728.44,Card,INV10744,EMP158,2025-05,False,False,False,False,-1.1126449481544365,False,0,OK
TX00318,2025-04-27,HR,CC102,Revenue,Alpha Supplies,51417.51,UPI,INV12964,EMP121,2025-04,False,False,False,False,-0.5990728230477989,False,0,OK
TX00319,2025-04-02,Finance,CC401,Expense,Alpha Supplies,68673.37,UPI,INV12093,EMP131,2025-04,False,False,False,False,0.38024602831042764,False,0,OK
TX00320,2025-06-16,Finance,CC102,Expense,FastLogix,43369.75,UPI,INV11364,EMP124,2025-06,False,False,False,False,-0.35802295143962953,False,0,OK
TX00321,2025-12-15,HR,CC401,Expense,CareMed,48466.15,Card,INV12217,EMP149,2025-12,False,False,False,False,-0.5068788133609194,False,0,OK
TX00322,2025-04-13,Finance,CC401,Revenue,Delta Services,59033.01,Bank Transfer,INV12343,EMP174,2025-04,False,False,False,False,0.1284609379591042,False,0,OK
TX00323,2025-02-03,Operations,CC101,Expense,Bright Systems,30428.97,Bank Transfer,INV11361,EMP137,2025-02,False,False,False,False,-0.9389263090012492,False,0,OK
TX00324,2025-03-04,Sales,CC401,Revenue,CareMed,128304.79,Bank Transfer,INV10489,EMP180,2025-03,False,False,False,False,0.35519548835447545,False,0,OK
TX00325,2025-09-06,Sales,CC101,Expense,Delta Services,75976.37,Cash,INV12900,EMP101,2025-09,False,False,True,False,0.5259085750904223,False,1,Review
TX00326,2025-10-11,Sales,CC301,Revenue,Delta Services,111243.47,Cash,INV12559,EMP110,2025-10,False,False,True,False,0.5727613782118369,False,1,Review
TX00327,2025-10-25,IT,CC301,Expense,Epsilon Tech,35241.95,Bank Transfer,INV10822,EMP102,2025-10,False,False,False,False,-0.6976388989719123,False,0,OK
TX00328,2025-06-18,Finance,CC101,Revenue,Epsilon Tech,50386.48,Card,INV10802,EMP167,2025-06,False,False,False,False,-0.15650054818291675,False,0,OK
TX00329,2025-05-01,HR,CC301,Expense,Bright Systems,8529.03,UPI,INV12200,EMP154,2025-05,False,False,False,False,-1.6408825715816913,False,0,OK
TX00330,2025-07-05,HR,CC501,Expense,Bright Systems,65427.26,Bank Transfer,INV12928,EMP184,2025-07,False,False,False,False,-0.15573532701200102,False,0,OK
TX00331,2025-09-06,Sales,CC401,Expense,FastLogix,104361.63,Bank Transfer,INV12461,EMP156,2025-09,False,False,False,False,1.2189665314011742,False,0,OK
TX00332,2025-06-09,IT,CC401,Expense,FastLogix,51189.02,Card,INV11068,EMP116,2025-06,False,False,False,False,-0.41746202858209586,False,0,OK
TX00333,2025-07-08,IT,CC102,Expense,Delta Services,19905.21,Bank Transfer,INV12282,EMP131,2025-07,False,False,False,False,-1.0782314270550482,False,0,OK
TX00334,2025-10-19,Operations,CC102,Expense,CareMed,49632.9,Card,INV12253,EMP138,2025-10,False,False,False,False,-0.26908211828543827,False,0,OK
TX00335,2025-07-15,Sales,CC501,Expense,Delta Services,56007.02,Cash,INV10018,EMP166,2025-07,False,False,True,False,-0.721787747942449,False,1,Review
TX00336,2025-10-08,Operations,CC101,Expense,Bright Systems,49132.62,UPI,INV12977,EMP147,2025-10,False,False,False,False,-0.28072264067677766,False,0,OK
TX00337,2025-01-21,IT,CC401,Expense,Bright Systems,23876.58,Card,INV11337,EMP148,2025-01,False,False,False,False,-1.4700686472350641,False,0,OK
TX00338,2025-07-21,Finance,CC101,Expense,CareMed,48958.72,Card,INV12588,EMP131,2025-07,False,False,False,False,-0.4603920242526181,False,0,OK
TX00339,2025-10-28,Finance,CC501,Revenue,Alpha Supplies,86991.02,Bank Transfer,INV11222,EMP177,2025-10,False,False,False,False,0.5614983463713061,False,0,OK
TX00340,2025-03-19,Operations,CC101,Revenue,CareMed,82489.82,Bank Transfer,INV10193,EMP107,2025-03,False,False,False,False,0.13467940662097466,False,0,OK
TX00341,2025-06-06,HR,CC101,Revenue,Delta Services,559862.04,UPI,INV10531,EMP163,2025-06,False,True,False,False,4.704421320817388,True,2,Review
TX00342,2025-11-10,IT,CC201,Expense,FastLogix,71829.99,Bank Transfer,INV11907,EMP174,2025-11,False,False,False,False,-0.0643730614702193,False,0,OK
TX00343,2025-10-11,Sales,CC501,Expense,FastLogix,106456.2,Bank Transfer,INV10670,EMP160,2025-10,False,False,False,False,0.4775313671400391,False,0,OK
TX00344,2025-08-15,Finance,CC301,Revenue,Bright Systems,296401.26,Cash,INV12532,EMP182,2025-08,False,True,True,False,3.5002037605923215,True,3,Review
TX00345,2025-12-27,HR,CC101,Expense,FastLogix,59243.14,Card,INV10857,EMP135,2025-12,False,False,False,False,-0.3243927613476996,False,0,OK
TX00346,2025-10-05,IT,CC501,Revenue,Delta Services,52043.51,Bank Transfer,INV10954,EMP101,2025-10,False,False,False,False,-0.3233684813507069,False,0,OK
TX00347,2025-12-10,HR,CC201,Expense,Alpha Supplies,80988.67,Bank Transfer,INV10370,EMP189,2025-12,False,False,False,False,0.04382284603757517,False,0,OK
TX00348,2025-07-18,Finance,CC501,Expense,CareMed,53230.27,Bank Transfer,INV10155,EMP120,2025-07,False,False,False,False,-0.3836053979659597,False,0,OK
TX00349,2025-10-14,IT,CC201,Expense,FastLogix,66167.85,Cash,INV11230,EMP103,2025-10,False,False,True,False,-0.008735635923026567,False,1,Review
TX00350,2025-07-23,HR,CC102,Expense,Delta Services,36913.31,Bank Transfer,INV12940,EMP120,2025-07,False,False,False,False,-0.5085379951595229,False,0,OK
TX00351,2025-03-15,IT,CC301,Expense,Bright Systems,34577.33,Bank Transfer,INV10365,EMP158,2025-03,False,False,False,False,-0.6899921883908552,False,0,OK
TX00352,2025-08-08,IT,CC401,Revenue,Bright Systems,122907.91,UPI,INV11675,EMP142,2025-08,False,False,False,False,1.7709317650008862,False,0,OK
TX00353,2025-11-10,Sales,CC401,Expense,Epsilon Tech,53241.13,UPI,INV10949,EMP174,2025-11,False,False,False,False,-0.43324064103730753,False,0,OK
TX00354,2025-12-16,IT,CC201,Expense,FastLogix,46031.27,Cash,INV11951,EMP154,2025-12,False,False,False,False,-0.8961315817046842,False,0,OK
TX00355,2025-11-26,Sales,CC201,Expense,Epsilon Tech,13970.62,Card,INV10018,EMP142,2025-11,False,False,False,False,-0.8772774631839307,False,0,OK
TX00356,2025-02-10,IT,CC201,Expense,CareMed,16387.16,Bank Transfer,INV10993,EMP154,2025-02,False,False,False,False,-0.9897224584692612,False,0,OK
TX00357,2025-12-05,Sales,CC401,Revenue,Delta Services,90784.25,Card,INV10287,EMP110,2025-12,False,False,False,False,0.5842660679257214,False,0,OK
TX00358,2025-02-27,Operations,CC201,Expense,Epsilon Tech,52778.34,Bank Transfer,INV10917,EMP182,2025-02,False,False,False,False,-0.11512225076217476,False,0,OK
TX00359,2025-01-07,HR,CC101,Expense,Delta Services,35076.38,Card,INV12768,EMP145,2025-01,False,False,False,False,-1.0770693192983916,False,0,OK
TX00360,2025-02-20,Operations,CC101,Expense,CareMed,10016.22,UPI,INV10089,EMP112,2025-02,False,False,False,False,-1.6913460098617061,False,0,OK
TX00361,2025-02-05,Finance,CC501,Expense,FastLogix,9436.98,Card,INV11959,EMP142,2025-02,False,False,False,False,-1.3163554272242584,False,0,OK
TX00362,2025-06-20,IT,CC102,Expense,Delta Services,21846.56,UPI,INV10943,EMP126,2025-06,False,False,False,False,-0.7927775881690666,False,0,OK
TX00363,2025-05-23,Finance,CC201,Expense,Epsilon Tech,68729.09,Card,INV12678,EMP156,2025-05,False,False,False,False,0.1602147984792637,False,0,OK
TX00364,2025-08-15,IT,CC501,Expense,Delta Services,58806.72,Bank Transfer,INV11546,EMP149,2025-08,False,False,False,False,-0.12472456893304301,False,0,OK
TX00365,2025-07-12,Operations,CC102,Expense,Bright Systems,57649.37,Bank Transfer,INV10563,EMP114,2025-07,False,False,False,False,-0.3732880883127043,False,0,OK
TX00366,2025-05-20,Sales,CC401,Revenue,Delta Services,63947.16,Bank Transfer,INV11083,EMP109,2025-05,False,False,False,False,-0.03647871062484744,False,0,OK
TX00367,2025-07-28,Finance,CC301,Expense,Delta Services,67700.59,Bank Transfer,INV12430,EMP187,2025-07,False,False,False,False,-0.1234827132055425,False,0,OK
TX00368,2025-08-23,Operations,CC201,Expense,FastLogix,33408.79,Card,INV11447,EMP123,2025-08,False,False,False,False,-0.7017076602896222,False,0,OK
TX00369,2025-03-12,HR,CC501,Revenue,Alpha Supplies,74077.64,Bank Transfer,INV10776,EMP121,2025-03,False,False,False,False,-0.4618637415345264,False,0,OK
TX00370,2025-09-16,Operations,CC201,Revenue,Alpha Supplies,135910.97,UPI,INV12440,EMP139,2025-09,False,False,False,False,2.932026959961407,False,0,OK
TX00371,2025-04-26,Sales,CC401,Expense,Alpha Supplies,16475.1,UPI,INV12959,EMP154,2025-04,False,False,False,False,-1.252031530928406,False,0,OK
TX00372,2025-07-04,Sales,CC101,Expense,Epsilon Tech,118874.96,UPI,INV10309,EMP103,2025-07,False,False,False,False,0.5845886090128496,False,0,OK
TX00373,2025-12-07,Finance,CC401,Expense,FastLogix,50216.63,UPI,INV10052,EMP166,2025-12,False,False,False,False,-0.39999826070112904,False,0,OK
TX00374,2025-12-03,IT,CC501,Revenue,FastLogix,213743.13,Cash,INV11567,EMP109,2025-12,False,True,True,False,2.363540873053917,False,2,Review
TX00375,2025-03-27,HR,CC101,Revenue,Epsilon Tech,116836.42,Bank Transfer,INV12809,EMP183,2025-03,False,False,False,False,-0.12867221626880898,False,0,OK
TX00376,2025-07-22,HR,CC401,Expense,Bright Systems,392993.88,Bank Transfer,INV10480,EMP100,2025-07,False,True,False,False,3.897241462666924,True,2,Review
TX00377,2025-01-24,Operations,CC102,Revenue,FastLogix,131982.11,Cash,INV10912,EMP129,2025-01,False,False,True,False,0.9998510091567445,False,1,Review
TX00378,2025-07-13,Operations,CC401,Revenue,Bright Systems,98596.48,UPI,INV12761,EMP152,2025-07,False,False,False,False,0.5076730332321616,False,0,OK
TX00379,2025-07-20,Finance,CC101,Expense,FastLogix,69724.06,Bank Transfer,INV12187,EMP177,2025-07,False,False,False,False,-0.08710822743520973,False,0,OK
TX00380,2025-09-25,Sales,CC501,Expense,CareMed,73881.97,Bank Transfer,INV10138,EMP142,2025-09,False,False,False,False,0.47477145026939777,False,0,OK
TX00381,2025-01-01,Operations,CC401,Revenue,FastLogix,49795.41,Bank Transfer,INV11968,EMP110,2025-01,False,False,False,False,-0.6298178996366729,False,0,OK
TX00382,2025-08-17,IT,CC201,Expense,CareMed,93003.62,Bank Transfer,INV11051,EMP165,2025-08,False,False,False,False,0.88657600264613,False,0,OK
TX00383,2025-06-23,IT,CC201,Expense,FastLogix,117466.15,Bank Transfer,INV12105,EMP112,2025-06,False,False,False,False,0.43028005349856174,False,0,OK
TX00384,2025-04-26,Finance,CC101,Expense,Delta Services,32345.48,Bank Transfer,INV10209,EMP147,2025-04,False,False,False,False,-0.5685588986760068,False,0,OK
TX00385,2025-08-01,HR,CC102,Revenue,Delta Services,135395.77,Bank Transfer,INV12796,EMP124,2025-08,False,False,False,False,1.9154671700654446,False,0,OK
TX00386,2025-02-03,Operations,CC501,Expense,Alpha Supplies,24442.12,Cash,INV10151,EMP104,2025-02,False,False,False,False,-1.159603282270232,False,0,OK
TX00387,2025-03-26,Sales,CC101,Expense,Delta Services,37301.35,UPI,INV10433,EMP183,2025-03,False,False,False,False,-0.5718906975538656,False,0,OK
TX00388,2025-12-23,HR,CC101,Expense,Bright Systems,66975.28,Bank Transfer,INV10984,EMP183,2025-12,False,False,False,False,-0.19346495105804568,False,0,OK
TX00389,2025-01-20,IT,CC501,Expense,Delta Services,46181.51,Card,INV11325,EMP124,2025-01,False,False,False,False,-0.8845532192544894,False,0,OK
TX00390,2025-05-24,Finance,CC102,Expense,Alpha Supplies,11564.26,Bank Transfer,INV10470,EMP167,2025-05,False,False,False,False,-1.3431411873105439,False,0,OK
TX00391,2025-11-18,IT,CC301,Revenue,CareMed,24402.74,Bank Transfer,INV10191,EMP104,2025-11,False,False,False,False,-0.8765781979900358,False,0,OK
TX00392,2025-10-13,IT,CC401,Expense,Epsilon Tech,17122.31,Cash,INV10359,EMP159,2025-10,False,False,False,False,-1.1012707777942299,False,0,OK
TX00393,2025-03-11,HR,CC301,Expense,Bright Systems,62226.98,Cash,INV10959,EMP160,2025-03,False,False,True,False,-0.5542082724309978,False,1,Review
TX00394,2025-06-28,Operations,CC501,Expense,Bright Systems,10925.68,Bank Transfer,INV11611,EMP100,2025-06,False,False,False,False,-1.332213020822231,False,0,OK
TX00395,2025-07-22,IT,CC101,Expense,Bright Systems,26891.51,UPI,INV11232,EMP121,2025-07,False,False,False,False,-0.9237298683648619,False,0,OK
TX00396,2025-06-03,IT,CC501,Revenue,Alpha Supplies,101441.14,UPI,INV10162,EMP113,2025-06,False,False,False,False,0.2253062511814826,False,0,OK
TX00397,2025-08-15,IT,CC201,Revenue,Epsilon Tech,102901.2,UPI,INV10985,EMP119,2025-08,False,False,False,False,1.1792758763554603,False,0,OK
TX00398,2025-06-06,Sales,CC102,Revenue,Alpha Supplies,59803.27,Bank Transfer,INV12466,EMP180,2025-06,False,False,False,False,-0.2847502996080877,False,0,OK
TX00399,2025-03-19,HR,CC301,Expense,Bright Systems,60857.25,Bank Transfer,INV12410,EMP149,2025-03,False,False,False,False,-0.5648816926712903,False,0,OK
TX00400,2025-01-03,HR,CC401,Expense,FastLogix,61698.39,Bank Transfer,INV12045,EMP167,2025-01,False,False,False,True,-0.163662144544054,False,1,Review
TX00401,2025-08-27,HR,CC501,Expense,Bright Systems,15827.47,Cash,INV12248,EMP144,2025-08,False,False,False,False,-0.8414956272520181,False,0,OK
TX00402,2025-02-08,HR,CC201,Expense,Epsilon Tech,58086.98,Bank Transfer,INV11481,EMP117,2025-02,False,False,False,False,-0.091946387669443,False,0,OK
TX00403,2025-02-05,IT,CC401,Expense,Bright Systems,39747.18,Card,INV11657,EMP103,2025-02,False,False,False,False,-0.5920083070472837,False,0,OK
TX00404,2025-07-06,Operations,CC102,Expense,Bright Systems,56513.67,Bank Transfer,INV11235,EMP105,2025-07,False,False,False,False,-0.39772223142411095,False,0,OK
TX00405,2025-08-27,Sales,CC102,Expense,Alpha Supplies,22998.1,Bank Transfer,INV12463,EMP185,2025-08,False,False,False,False,-0.9023703838262619,False,0,OK
TX00406,2025-08-06,Sales,CC501,Expense,FastLogix,92307.34,Bank Transfer,INV12810,EMP102,2025-08,False,False,False,False,1.60070509800065,False,0,OK
TX00407,2025-09-28,HR,CC501,Expense,Alpha Supplies,24884.26,UPI,INV11092,EMP146,2025-09,False,False,False,False,-1.2923822683916597,False,0,OK
TX00408,2025-04-23,Finance,CC301,Expense,Alpha Supplies,31896.87,Cash,INV11337,EMP140,2025-04,False,False,False,False,-0.580275609398688,False,0,OK
TX00409,2025-09-14,Sales,CC301,Expense,Bright Systems,37833.06,UPI,INV10809,EMP181,2025-09,False,False,False,False,-0.40540311539708634,False,0,OK
TX00410,2025-06-27,Sales,CC101,Expense,CareMed,34579.98,Card,INV12309,EMP156,2025-06,False,False,False,False,-0.9294753970858323,False,0,OK
TX00411,2025-12-11,Operations,CC301,Expense,Delta Services,49225.0,Cash,INV12119,EMP106,2025-12,False,False,False,False,0.10880674838633263,False,0,OK
TX00412,2025-07-14,HR,CC301,Expense,CareMed,62234.55,Bank Transfer,INV10375,EMP135,2025-07,False,False,False,False,-0.19523867911233345,False,0,OK
TX00413,2025-05-08,IT,CC102,Expense,Delta Services,52289.41,Bank Transfer,INV11805,EMP173,2025-05,False,False,False,False,-0.4209877720902567,False,0,OK
TX00414,2025-07-13,HR,CC301,Revenue,Epsilon Tech,127813.78,Card,INV10063,EMP136,2025-07,False,False,False,False,0.616172132755542,False,0,OK
TX00415,2025-11-23,HR,CC401,Expense,FastLogix,6601.31,Bank Transfer,INV10223,EMP115,2025-11,False,False,False,False,-0.37924400803238706,False,0,OK
TX00416,2025-02-05,HR,CC501,Expense,Bright Systems,65151.47,UPI,INV11390,EMP135,2025-02,False,False,False,False,0.014111983677517578,False,0,OK
TX00417,2025-09-07,Sales,CC201,Expense,Delta Services,21721.71,UPI,INV11032,EMP131,2025-09,False,False,False,False,-0.7987797941524414,False,0,OK
TX00418,2025-04-18,Operations,CC401,Expense,FastLogix,27396.01,UPI,INV12636,EMP141,2025-04,False,False,False,False,-1.0110596569288053,False,0,OK
TX00419,2025-09-10,HR,CC201,Expense,CareMed,50094.63,UPI,INV11362,EMP152,2025-09,False,False,False,False,-0.7369425798592093,False,0,OK
TX00420,2025-02-27,HR,CC102,Expense,Delta Services,48266.34,Bank Transfer,INV10926,EMP187,2025-02,False,False,False,False,-0.2393825202118935,False,0,OK
TX00421,2025-01-11,IT,CC301,Expense,Bright Systems,140191.94,Card,INV11371,EMP164,2025-01,False,False,False,False,1.5832669961009438,False,0,OK
TX00422,2025-12-21,Operations,CC102,Expense,Delta Services,35875.31,Card,INV10655,EMP101,2025-12,False,False,False,False,-0.3891319521343607,False,0,OK
TX00423,2025-12-22,HR,CC501,Expense,Epsilon Tech,79394.98,UPI,INV11760,EMP176,2025-12,False,False,False,False,0.01683699968966645,False,0,OK
TX00424,2025-08-09,Operations,CC401,Expense,Epsilon Tech,86947.0,Cash,INV12209,EMP131,2025-08,False,False,True,False,0.7470044639051927,False,1,Review
TX00425,2025-10-25,Operations,CC301,Expense,Delta Services,58215.38,Card,INV12552,EMP147,2025-10,False,False,False,False,-0.06938484753061494,False,0,OK
TX00426,2025-04-07,HR,CC102,Expense,Delta Services,46285.07,Cash,INV10526,EMP111,2025-04,False,False,False,False,-0.7641551241893757,False,0,OK
TX00427,2025-05-28,HR,CC401,Expense,Epsilon Tech,122143.44,Bank Transfer,INV11751,EMP113,2025-05,False,False,False,False,1.1274426848834047,False,0,OK
TX00428,2025-02-26,HR,CC501,Expense,Delta Services,14762.58,Card,INV12341,EMP166,2025-02,False,False,False,False,-0.7423705943119976,False,0,OK
TX00429,2025-07-13,Sales,CC201,Revenue,Epsilon Tech,80733.94,Bank Transfer,INV12364,EMP170,2025-07,False,False,False,False,-0.2079699949140356,False,0,OK
TX00430,2025-12-17,Finance,CC501,Revenue,Bright Systems,106155.71,Bank Transfer,INV10042,EMP130,2025-12,False,False,False,False,1.1169612153499489,False,0,OK
TX00431,2025-03-17,HR,CC201,Expense,FastLogix,449477.88,UPI,INV12298,EMP183,2025-03,False,True,False,False,2.463387599844166,False,1,Review
TX00432,2025-03-05,Finance,CC401,Expense,Alpha Supplies,22612.64,Bank Transfer,INV10640,EMP183,2025-03,False,False,False,False,-1.394864218468167,False,0,OK
TX00433,2025-12-23,Sales,CC501,Expense,Epsilon Tech,45392.26,Card,INV10128,EMP180,2025-12,False,False,False,False,-0.5390310467098403,False,0,OK
TX00434,2025-02-20,IT,CC201,Expense,Delta Services,82839.18,Card,INV12259,EMP119,2025-02,False,False,False,False,0.1416510910643554,False,0,OK
TX00435,2025-09-07,HR,CC201,Expense,FastLogix,51549.13,Cash,INV11499,EMP151,2025-09,False,False,True,False,-0.704896757962488,False,1,Review
TX00436,2025-05-13,Sales,CC201,Expense,Bright Systems,43137.44,Bank Transfer,INV10298,EMP176,2025-05,False,False,False,False,-0.690936798959076,False,0,OK
TX00437,2025-12-09,HR,CC201,Revenue,CareMed,249715.31,UPI,INV12853,EMP142,2025-12,False,True,False,False,2.9008597740718245,False,1,Review
TX00438,2025-03-06,HR,CC501,Expense,Delta Services,111537.59,Card,INV11944,EMP111,2025-03,False,False,False,False,-0.16996257230384418,False,0,OK
TX00439,2025-10-06,HR,CC201,Revenue,Epsilon Tech,74895.57,Cash,INV12163,EMP103,2025-10,False,False,True,False,-0.14266859372472318,False,1,Review
TX00440,2025-11-17,Operations,CC201,Expense,Alpha Supplies,43570.99,Bank Transfer,INV10746,EMP156,2025-11,False,False,False,False,-0.8064453332255105,False,0,OK
TX00441,2025-10-25,IT,CC201,Expense,FastLogix,62766.11,Card,INV12547,EMP144,2025-10,False,False,False,False,-0.08451256678175403,False,0,OK
TX00442,2025-08-25,Sales,CC501,Expense,Epsilon Tech,24577.4,Card,INV10421,EMP163,2025-08,False,False,False,False,-0.8453345959796594,False,0,OK
TX00443,2025-07-25,Operations,CC501,Expense,Alpha Supplies,45759.43,Card,INV10741,EMP151,2025-07,False,False,False,False,-0.6290955159309457,False,0,OK
TX00444,2025-01-01,HR,CC401,Expense,Delta Services,20740.86,Bank Transfer,INV10729,EMP103,2025-01,False,False,False,False,-1.5689242476766132,False,0,OK
TX00445,2025-01-07,Operations,CC101,Expense,Epsilon Tech,26987.86,Card,INV11567,EMP177,2025-01,False,False,False,False,-1.0820657100579616,False,0,OK
TX00446,2025-09-18,HR,CC301,Revenue,CareMed,222230.53,UPI,INV12589,EMP129,2025-09,False,True,False,False,3.0555884572200953,True,2,Review
TX00447,2025-06-11,Operations,CC301,Revenue,Delta Services,101346.7,UPI,INV12646,EMP189,2025-06,False,False,False,False,1.5087862494096131,False,0,OK
TX00448,2025-06-06,HR,CC501,Expense,Bright Systems,45152.78,UPI,INV12080,EMP173,2025-06,False,False,False,False,-0.32821955871196307,False,0,OK
TX00449,2025-05-12,Sales,CC101,Revenue,Delta Services,138314.78,Card,INV10171,EMP153,2025-05,False,False,False,False,2.3023557580352945,False,0,OK
TX00450,2025-02-03,Sales,CC102,Expense,Epsilon Tech,40633.77,Bank Transfer,INV11121,EMP187,2025-02,False,False,False,False,-0.6371217723167184,False,0,OK
TX00451,2025-06-02,HR,CC501,Expense,Alpha Supplies,18047.82,Bank Transfer,INV11886,EMP113,2025-06,False,False,False,False,-0.5932420487561636,False,0,OK
TX00452,2025-07-28,HR,CC201,Expense,Alpha Supplies,64215.48,UPI,INV10889,EMP114,2025-07,False,False,False,False,-0.17072866245685533,False,0,OK
TX00453,2025-07-27,Sales,CC201,Revenue,Epsilon Tech,85690.46,Cash,INV10903,EMP107,2025-07,False,False,True,False,-0.10497504167115725,False,1,Review
TX00454,2025-07-26,HR,CC301,Expense,CareMed,33335.33,Card,INV11356,EMP166,2025-07,False,False,False,False,-0.5528082870895595,False,0,OK
TX00455,2025-09-28,IT,CC401,Expense,FastLogix,4649.46,Card,INV11735,EMP155,2025-09,False,False,False,False,-1.4995138175829918,False,0,OK
TX00456,2025-01-25,Operations,CC301,Revenue,Delta Services,33496.64,UPI,INV12030,EMP168,2025-01,False,False,False,False,-0.9530039956908386,False,0,OK
TX00457,2025-11-25,Operations,CC501,Expense,FastLogix,51602.04,Card,INV11342,EMP156,2025-11,False,False,False,False,-0.5644354344696223,False,0,OK
TX00458,2025-12-19,Sales,CC101,Expense,Delta Services,38389.81,Bank Transfer,INV12969,EMP107,2025-12,False,False,False,True,-0.7123178288134624,False,1,Review
TX00459,2025-06-16,IT,CC401,Expense,Delta Services,49742.78,Cash,INV11089,EMP173,2025-06,False,False,False,False,-0.4359606948458331,False,0,OK
TX00460,2025-07-13,Operations,CC301,Expense,Bright Systems,105295.23,Bank Transfer,INV12585,EMP113,2025-07,False,False,False,True,0.6517940301217753,False,1,Review
TX00461,2025-06-13,HR,CC101,Expense,CareMed,95863.28,Bank Transfer,INV11873,EMP175,2025-06,False,False,False,False,0.16760935899853843,False,0,OK
TX00462,2025-07-28,HR,CC301,Expense,CareMed,28943.25,UPI,INV11634,EMP139,2025-07,False,False,False,False,-0.6071514258941576,False,0,OK
TX00463,2025-06-13,HR,CC501,Expense,Delta Services,49140.79,Bank Transfer,INV12887,EMP154,2025-06,False,False,False,False,-0.2892262401266867,False,0,OK
TX00464,2025-07-22,IT,CC102,Revenue,Alpha Supplies,48601.21,Cash,INV11375,EMP129,2025-07,False,False,False,False,-0.4436213003537062,False,0,OK
TX00465,2025-11-18,Finance,CC401,Expense,CareMed,17534.35,Bank Transfer,INV10681,EMP106,2025-11,False,False,False,False,-1.5314681879110612,False,0,OK
TX00466,2025-02-16,HR,CC201,Expense,Alpha Supplies,58659.82,Bank Transfer,INV12580,EMP189,2025-02,False,False,False,False,-0.08334640699958679,False,0,OK
TX00467,2025-08-16,IT,CC401,Expense,Delta Services,34011.87,Card,INV11560,EMP157,2025-08,False,False,False,False,-0.857979512428502,False,0,OK
TX00468,2025-02-09,Sales,CC101,Expense,FastLogix,15090.21,Card,INV11191,EMP102,2025-02,False,False,False,False,-1.221612625701018,False,0,OK
TX00469,2025-07-21,Sales,CC101,Expense,Bright Systems,26317.0,Bank Transfer,INV12048,EMP124,2025-07,False,False,False,False,-1.3387371845794684,False,0,OK
TX00470,2025-01-28,Sales,CC102,Revenue,Bright Systems,114499.98,Bank Transfer,INV10480,EMP133,2025-01,False,False,False,False,0.8613651530275234,False,0,OK
TX00471,2025-12-08,Operations,CC102,Expense,Epsilon Tech,93584.12,Bank Transfer,INV11887,EMP147,2025-12,False,False,False,False,1.763386185739671,False,0,OK
TX00472,2025-11-07,Operations,CC102,Expense,Delta Services,40907.8,Card,INV10515,EMP162,2025-11,False,False,False,False,-0.8866986428509882,False,0,OK
TX00473,2025-08-09,IT,CC101,Expense,Alpha Supplies,49226.28,Bank Transfer,INV11092,EMP104,2025-08,False,False,False,False,-0.4080457017836808,False,0,OK
TX00474,2025-04-15,Operations,CC102,Revenue,Delta Services,75325.69,UPI,INV11140,EMP110,2025-04,False,False,False,False,-0.25771023845153673,False,0,OK
TX00475,2025-03-05,IT,CC102,Revenue,Epsilon Tech,133024.08,Bank Transfer,INV10571,EMP122,2025-03,False,False,False,True,1.413018738396873,False,1,Review
TX00476,2025-07-08,IT,CC401,Expense,CareMed,36074.47,Bank Transfer,INV12712,EMP112,2025-07,False,False,False,False,-0.7206493202364344,False,0,OK
TX00477,2025-10-07,HR,CC102,Revenue,CareMed,215832.99,Bank Transfer,INV11850,EMP159,2025-10,False,True,False,False,1.137666560581501,False,1,Review
TX00478,2025-03-15,Finance,CC301,Revenue,Delta Services,76371.93,Bank Transfer,INV12514,EMP148,2025-03,False,False,False,False,0.5030996729936457,False,0,OK
TX00479,2025-09-16,Sales,CC102,Expense,Delta Services,59719.89,Card,INV12220,EMP176,2025-09,False,False,False,False,0.12898838462513829,False,0,OK
TX00480,2025-07-27,Operations,CC102,Expense,FastLogix,58417.8,Bank Transfer,INV11872,EMP145,2025-07,False,False,False,False,-0.3567556161888176,False,0,OK
TX00481,2025-08-11,Operations,CC201,Expense,Delta Services,52288.8,UPI,INV12125,EMP150,2025-08,False,False,False,False,-0.1908258173606309,False,0,OK
TX00482,2025-10-16,IT,CC501,Expense,FastLogix,81578.74,Cash,INV12716,EMP162,2025-10,False,False,True,False,0.33455631055185175,False,1,Review
TX00483,2025-08-24,HR,CC201,Revenue,FastLogix,88751.49,UPI,INV11321,EMP132,2025-08,False,False,False,False,0.8399601613711758,False,0,OK
TX00484,2025-02-04,IT,CC101,Expense,Alpha Supplies,46770.53,UPI,INV12271,EMP102,2025-02,False,False,False,False,-0.47243282357639865,False,0,OK
TX00485,2025-04-15,Sales,CC301,Expense,Epsilon Tech,28509.6,Bank Transfer,INV11358,EMP178,2025-04,False,False,False,False,-0.9896009489181027,False,0,OK
TX00486,2025-06-27,Operations,CC301,Expense,CareMed,36590.04,UPI,INV10983,EMP160,2025-06,False,False,False,False,-0.5258471113139404,False,0,OK
TX00487,2025-04-17,IT,CC101,Expense,Delta Services,19241.83,Card,INV12812,EMP124,2025-04,False,False,False,False,-1.1428697556549356,False,0,OK
TX00488,2025-06-14,Sales,CC501,Expense,Epsilon Tech,51245.06,Card,INV10339,EMP184,2025-06,False,False,False,False,-0.5035041884340501,False,0,OK
TX00489,2025-05-22,Sales,CC401,Revenue,Bright Systems,112354.36,UPI,INV11958,EMP105,2025-05,False,False,False,False,1.4859100372109075,False,0,OK
TX00490,2025-01-07,Finance,CC401,Expense,CareMed,17352.14,UPI,INV12879,EMP185,2025-01,False,False,False,False,-0.9923372245169376,False,0,OK
TX00491,2025-06-02,IT,CC501,Revenue,Alpha Supplies,86043.96,Card,INV11706,EMP158,2025-06,False,False,False,False,0.028362940097091144,False,0,OK
TX00492,2025-01-28,Operations,CC101,Revenue,Delta Services,165672.95,Bank Transfer,INV10294,EMP160,2025-01,False,True,False,False,1.667902098434373,False,1,Review
TX00493,2025-10-17,Operations,CC501,Expense,Bright Systems,35993.61,Bank Transfer,INV12118,EMP117,2025-10,False,False,False,False,-0.5864413184273035,False,0,OK
TX00494,2025-10-07,Operations,CC101,Revenue,Alpha Supplies,169297.78,Bank Transfer,INV12738,EMP169,2025-10,False,True,False,False,2.51528206796416,False,1,Review
TX00495,2025-04-24,Sales,CC501,Revenue,FastLogix,59896.2,Card,INV10950,EMP159,2025-04,False,False,False,False,-0.30516838376586636,False,0,OK
TX00496,2025-03-22,Sales,CC301,Revenue,CareMed,77527.87,Bank Transfer,INV10272,EMP137,2025-03,False,False,False,False,-0.1620880461467803,False,0,OK
TX00497,2025-07-25,Sales,CC201,Expense,Bright Systems,53521.26,UPI,INV12266,EMP120,2025-07,False,False,False,False,-0.7734410722451889,False,0,OK
TX00498,2025-05-16,HR,CC201,Revenue,Bright Systems,84022.62,Bank Transfer,INV12861,EMP167,2025-05,False,False,False,False,0.19859194488343654,False,0,OK
TX00499,2025-07-19,Operations,CC102,Expense,Alpha Supplies,54508.04,Cash,INV12847,EMP183,2025-07,False,False,True,False,-0.44087257962216514,False,1,Review
TX00500,2025-01-22,IT,CC102,Expense,Bright Systems,31937.21,Bank Transfer,INV11067,EMP126,2025-01,False,False,False,False,-1.2584731289239528,False,0,OK
TX00501,2025-10-01,HR,CC401,Revenue,CareMed,112369.59,UPI,INV11357,EMP128,2025-10,False,False,False,False,0.19776125932051153,False,0,OK
TX00502,2025-10-03,Sales,CC401,Expense,Alpha Supplies,33595.28,Cash,INV12079,EMP130,2025-10,False,False,False,False,-0.9718429564935501,False,0,OK
TX00503,2025-02-11,Finance,CC101,Expense,Delta Services,17459.74,Card,INV11763,EMP120,2025-02,False,False,False,False,-1.1291787185416613,False,0,OK
TX00504,2025-12-17,Finance,CC102,Revenue,Bright Systems,98443.78,Cash,INV10283,EMP180,2025-12,False,False,True,False,0.9078286144537131,False,1,Review
TX00505,2025-11-18,Operations,CC102,Expense,Bright Systems,71338.35,Bank Transfer,INV12491,EMP121,2025-11,False,False,False,False,0.030304031094011676,False,0,OK
TX00506,2025-10-01,Sales,CC102,Revenue,CareMed,102704.08,UPI,INV11375,EMP161,2025-10,False,False,False,False,0.4028929136701672,False,0,OK
TX00507,2025-08-09,HR,CC101,Expense,Bright Systems,58017.96,Card,INV10912,EMP117,2025-08,False,False,False,False,0.13131749571280155,False,0,OK
TX00508,2025-10-16,HR,CC401,Expense,Alpha Supplies,114858.91,Cash,INV10734,EMP103,2025-10,False,False,True,False,0.22037529543893614,False,1,Review
TX00509,2025-02-27,HR,CC201,Expense,Epsilon Tech,41276.7,Cash,INV11971,EMP125,2025-02,False,False,False,False,-0.3443171771654131,False,0,OK
TX00510,2025-09-26,Operations,CC501,Revenue,Bright Systems,29435.12,Bank Transfer,INV10642,EMP148,2025-09,False,False,False,False,-0.8416365951026461,False,0,OK
TX00511,2025-07-26,Sales,CC301,Revenue,FastLogix,134601.29,Bank Transfer,INV12608,EMP124,2025-07,False,False,False,False,0.9113768844625751,False,0,OK
TX00512,2025-10-22,Operations,CC401,Expense,FastLogix,68684.69,Bank Transfer,INV11357,EMP142,2025-10,False,False,False,False,0.1742152113901377,False,0,OK
TX00513,2025-10-26,Finance,CC102,Expense,Delta Services,26419.4,Card,INV12828,EMP177,2025-10,False,False,False,False,-0.8116237431044868,False,0,OK
TX00514,2025-08-02,HR,CC102,Expense,Delta Services,5035.91,Bank Transfer,INV12134,EMP178,2025-08,False,False,False,False,-1.0903235310109511,False,0,OK
TX00515,2025-07-17,HR,CC102,Expense,CareMed,47631.13,UPI,INV10077,EMP115,2025-07,False,False,False,False,-0.3759265718833766,False,0,OK
TX00516,2025-03-02,HR,CC401,Expense,Epsilon Tech,435181.08,Bank Transfer,INV10523,EMP151,2025-03,False,True,False,False,2.35198188157019,False,1,Review
TX00517,2025-11-22,IT,CC201,Expense,CareMed,77709.09,Cash,INV10442,EMP168,2025-11,False,False,True,False,0.03630819704916873,False,1,Review
TX00518,2025-11-15,Sales,CC102,Revenue,Epsilon Tech,46365.12,Bank Transfer,INV11172,EMP110,2025-11,False,False,False,False,-0.5109885905660607,False,0,OK
TX00519,2025-06-08,Operations,CC401,Expense,FastLogix,64984.51,Card,INV11829,EMP133,2025-06,False,False,False,False,0.3662979734088376,False,0,OK
TX00520,2025-09-10,Operations,CC101,Expense,FastLogix,45743.78,Bank Transfer,INV10865,EMP184,2025-09,False,False,False,False,-0.2636332650148289,False,0,OK
TX00521,2025-06-25,HR,CC102,Revenue,Bright Systems,57246.8,Card,INV12942,EMP111,2025-06,False,False,False,False,-0.2099686077773605,False,0,OK
TX00522,2025-09-02,Operations,CC201,Expense,Delta Services,67273.17,UPI,INV11031,EMP135,2025-09,False,False,False,False,0.4994005535060889,False,0,OK
TX00523,2025-10-12,IT,CC501,Revenue,Bright Systems,31942.53,UPI,INV10134,EMP108,2025-10,False,False,False,False,-0.7711365564101358,False,0,OK
TX00524,2025-01-26,IT,CC301,Expense,Bright Systems,114321.32,Bank Transfer,INV12759,EMP120,2025-01,False,False,False,False,0.9041504446738461,False,0,OK
TX00525,2025-08-06,IT,CC101,Expense,Alpha Supplies,59400.39,Bank Transfer,INV10824,EMP175,2025-08,False,False,False,False,-0.1071680415773644,False,0,OK
TX00526,2025-10-27,Operations,CC501,Revenue,Bright Systems,63031.85,Bank Transfer,INV11917,EMP186,2025-10,False,False,False,False,0.042684847204762774,False,0,OK
TX00527,2025-07-08,Finance,CC401,Expense,Alpha Supplies,111204.74,Bank Transfer,INV10401,EMP187,2025-07,False,False,False,False,0.6585605516441572,False,0,OK
TX00528,2025-08-12,IT,CC102,Expense,Alpha Supplies,16777.51,UPI,INV11184,EMP146,2025-08,False,False,False,False,-1.3676490473512946,False,0,OK
TX00529,2025-08-25,HR,CC102,Expense,Epsilon Tech,25759.8,Bank Transfer,INV12187,EMP123,2025-08,False,False,False,False,-0.6124795393701953,False,0,OK
TX00530,2025-02-21,Finance,CC102,Revenue,Epsilon Tech,83197.49,Card,INV12745,EMP175,2025-02,False,False,False,False,0.4045298407570576,False,0,OK
TX00531,2025-02-11,HR,CC301,Expense,Epsilon Tech,36285.11,Bank Transfer,INV10996,EMP106,2025-02,False,False,False,False,-0.4192553405475928,False,0,OK
TX00532,2025-10-26,HR,CC501,Revenue,Epsilon Tech,99857.02,Bank Transfer,INV10654,EMP106,2025-10,False,False,False,False,0.08409177933629283,False,0,OK
TX00533,2025-08-28,Sales,CC301,Revenue,Alpha Supplies,52032.59,Card,INV11260,EMP139,2025-08,False,False,False,False,0.14619860995218173,False,0,OK
TX00534,2025-07-27,IT,CC301,Revenue,Epsilon Tech,55001.25,Bank Transfer,INV12803,EMP153,2025-07,False,False,False,False,-0.3020848424747804,False,0,OK
TX00535,2025-12-24,Sales,CC401,Revenue,Bright Systems,177869.42,Bank Transfer,INV11223,EMP150,2025-12,False,True,False,False,2.739327350512085,False,1,Review
TX00536,2025-10-11,Finance,CC501,Expense,Epsilon Tech,16028.21,UPI,INV10847,EMP135,2025-10,False,False,False,False,-1.0471857525891262,False,0,OK
TX00537,2025-09-23,HR,CC102,Revenue,CareMed,115257.2,Card,INV10225,EMP177,2025-09,False,False,False,False,0.6987316123392385,False,0,OK
TX00538,2025-04-09,IT,CC102,Revenue,Bright Systems,59940.92,Card,INV12415,EMP187,2025-04,False,False,False,False,-0.2759485470478172,False,0,OK
TX00539,2025-03-14,Operations,CC501,Expense,Alpha Supplies,24755.51,Cash,INV10432,EMP158,2025-03,False,False,False,False,-0.9347874705649235,False,0,OK
TX00540,2025-09-04,Operations,CC101,Expense,FastLogix,44815.91,Bank Transfer,INV10688,EMP189,2025-09,False,False,False,False,-0.2965183671561808,False,0,OK
TX00541,2025-09-15,IT,CC201,Expense,FastLogix,37468.54,UPI,INV12901,EMP148,2025-09,False,False,False,False,-0.6592704474835066,False,0,OK
TX00542,2025-12-23,IT,CC301,Revenue,Bright Systems,166359.13,Card,INV11998,EMP116,2025-12,False,True,False,False,1.442578458134176,False,1,Review
TX00543,2025-02-05,IT,CC201,Expense,Bright Systems,49587.33,UPI,INV12475,EMP167,2025-02,False,False,False,False,-0.42447562055493604,False,0,OK
TX00544,2025-11-02,Operations,CC401,Expense,Bright Systems,18817.85,Bank Transfer,INV12441,EMP109,2025-11,False,False,False,False,-1.552363352076137,False,0,OK
TX00545,2025-06-27,HR,CC201,Expense,Alpha Supplies,24720.07,Bank Transfer,INV11168,EMP168,2025-06,False,False,False,True,-0.528003202832856,False,1,Review
TX00546,2025-10-25,HR,CC401,Revenue,CareMed,111949.55,Card,INV11401,EMP109,2025-10,False,False,False,False,0.19394543824038404,False,0,OK
TX00547,2025-06-25,Finance,CC102,Expense,Delta Services,56171.01,UPI,INV10982,EMP119,2025-06,False,False,False,False,0.009632734316274783,False,0,OK
TX00548,2025-06-22,Finance,CC301,Expense,Epsilon Tech,14041.78,Bank Transfer,INV11216,EMP102,2025-06,False,False,False,False,-1.2003302651086425,False,0,OK
TX00549,2025-10-21,Sales,CC101,Expense,Alpha Supplies,68054.73,Card,INV12102,EMP183,2025-10,False,False,False,False,-0.28636379926446925,False,0,OK
TX00550,2025-04-12,IT,CC102,Expense,FastLogix,75478.39,Bank Transfer,INV11345,EMP118,2025-04,False,False,False,False,0.05501124274347415,False,0,OK
TX00551,2025-03-24,Operations,CC102,Revenue,Alpha Supplies,76367.07,Cash,INV10422,EMP181,2025-03,False,False,True,False,0.021261954809565532,False,1,Review
TX00552,2025-05-22,Sales,CC101,Revenue,Epsilon Tech,69054.53,Bank Transfer,INV10722,EMP111,2025-05,False,False,False,False,0.12414620920182902,False,0,OK
TX00553,2025-02-17,Sales,CC201,Expense,Alpha Supplies,39755.92,Bank Transfer,INV12318,EMP127,2025-02,False,False,False,False,-0.6572088430164723,False,0,OK
TX00554,2025-08-28,IT,CC201,Expense,CareMed,95553.64,Cash,INV11545,EMP146,2025-08,False,False,True,False,0.9619874195739313,False,1,Review
TX00555,2025-11-27,HR,CC501,Expense,FastLogix,24264.67,Cash,INV10678,EMP148,2025-11,False,False,False,False,-0.30521230244168657,False,0,OK
TX00556,2025-02-12,Operations,CC301,Expense,FastLogix,65583.75,Bank Transfer,INV11202,EMP134,2025-02,False,False,False,False,0.356888760081318,False,0,OK
TX00557,2025-02-05,HR,CC501,Revenue,Delta Services,68028.91,Bank Transfer,INV10067,EMP178,2025-02,False,False,False,False,0.05731065761556528,False,0,OK
TX00558,2025-08-25,Finance,CC101,Expense,Bright Systems,28903.1,Bank Transfer,INV11381,EMP111,2025-08,False,False,False,False,-0.7639265726585757,False,0,OK
TX00559,2025-07-18,Operations,CC102,Expense,Delta Services,90779.9,Bank Transfer,INV10118,EMP133,2025-07,False,False,False,False,0.3395023593202501,False,0,OK
TX00560,2025-06-18,IT,CC102,Expense,Bright Systems,82660.97,Bank Transfer,INV11439,EMP166,2025-06,False,False,False,False,-0.014908441543273311,False,0,OK
TX00561,2025-03-22,Operations,CC201,Expense,Delta Services,15771.65,UPI,INV12647,EMP116,2025-03,False,False,False,False,-1.1012039514975838,False,0,OK
TX00562,2025-04-06,Sales,CC401,Revenue,Alpha Supplies,42244.04,UPI,INV10258,EMP167,2025-04,False,False,False,False,-0.6901005888877241,False,0,OK
TX00563,2025-09-05,Sales,CC301,Expense,Epsilon Tech,14685.99,UPI,INV10666,EMP105,2025-09,False,False,False,False,-0.9705647883492423,False,0,OK
TX00564,2025-01-04,Finance,CC201,Expense,Bright Systems,47418.2,Card,INV12521,EMP121,2025-01,False,False,False,False,-0.440759794223641,False,0,OK
TX00565,2025-11-23,Sales,CC201,Revenue,Delta Services,128306.15,UPI,INV12400,EMP156,2025-11,False,False,False,False,0.4155294140287639,False,0,OK
TX00566,2025-08-22,IT,CC201,Expense,Epsilon Tech,21447.65,Cash,INV12164,EMP155,2025-08,False,False,False,False,-1.2295395914838105,False,0,OK
TX00567,2025-10-10,HR,CC102,Expense,CareMed,12049.41,Bank Transfer,INV12579,EMP156,2025-10,False,False,False,False,-0.7135897015550898,False,0,OK
TX00568,2025-02-18,Finance,CC301,Expense,Alpha Supplies,35932.32,Bank Transfer,INV11114,EMP169,2025-02,False,False,False,False,-0.6982002615921867,False,0,OK
TX00569,2025-06-02,HR,CC101,Expense,Alpha Supplies,56598.06,Card,INV12180,EMP117,2025-06,False,False,False,False,-0.21631175272910647,False,0,OK
TX00570,2025-06-22,IT,CC401,Expense,Bright Systems,92412.37,Bank Transfer,INV11323,EMP181,2025-06,False,False,False,False,0.10982043762215403,False,0,OK
TX00571,2025-07-01,Sales,CC102,Revenue,FastLogix,139912.18,Bank Transfer,INV12707,EMP123,2025-07,False,False,False,False,1.0217355367484668,False,0,OK
TX00572,2025-11-26,IT,CC201,Expense,Bright Systems,91205.93,Card,INV12607,EMP118,2025-11,False,False,False,False,0.26744541826241885,False,0,OK
TX00573,2025-09-22,IT,CC102,Expense,Delta Services,36870.16,Cash,INV10028,EMP110,2025-09,False,False,False,False,-0.6745903415146656,False,0,OK
TX00574,2025-01-06,Operations,CC201,Revenue,Epsilon Tech,49950.23,Card,INV12170,EMP164,2025-01,False,False,False,False,-0.6267479948898051,False,0,OK
TX00575,2025-03-03,HR,CC101,Revenue,FastLogix,113241.89,Card,INV10969,EMP168,2025-03,False,False,False,False,-0.15668206438218776,False,0,OK
TX00576,2025-09-02,Operations,CC301,Revenue,Bright Systems,36203.43,UPI,INV10386,EMP173,2025-09,False,False,False,False,-0.6017575542086258,False,0,OK
TX00577,2025-05-14,Operations,CC401,Revenue,Bright Systems,143176.73,Card,INV11280,EMP115,2025-05,False,False,False,False,1.38876460744065,False,0,OK
TX00578,2025-05-03,HR,CC401,Expense,CareMed,54976.2,Bank Transfer,INV10357,EMP145,2025-05,False,False,False,False,-0.5091522408751559,False,0,OK
TX00579,2025-09-11,Finance,CC401,Expense,FastLogix,33313.43,UPI,INV11982,EMP184,2025-09,False,False,False,False,-0.38530212084497206,False,0,OK
TX00580,2025-08-20,Operations,CC501,Expense,Alpha Supplies,166333.55,Cash,INV10501,EMP179,2025-08,False,True,True,False,2.8951572968631467,False,2,Review
TX00581,2025-04-20,IT,CC501,Expense,Alpha Supplies,76526.77,Bank Transfer,INV10411,EMP147,2025-04,False,False,False,False,0.07734252476180761,False,0,OK
TX00582,2025-06-14,IT,CC101,Expense,Alpha Supplies,15313.46,Cash,INV11962,EMP171,2025-06,False,False,False,False,-0.8763416138962089,False,0,OK
TX00583,2025-07-05,Operations,CC102,Expense,CareMed,70208.61,Bank Transfer,INV11908,EMP126,2025-07,False,False,False,False,-0.10308093190652226,False,0,OK
TX00584,2025-01-23,Operations,CC102,Expense,FastLogix,83028.05,Cash,INV10825,EMP181,2025-01,False,False,True,False,0.029147604089897028,False,1,Review
TX00585,2025-07-02,HR,CC501,Revenue,Delta Services,101551.76,Card,INV12542,EMP102,2025-07,False,False,False,False,0.29123256012728166,False,0,OK
TX00586,2025-07-11,HR,CC401,Revenue,Alpha Supplies,63065.47,Bank Transfer,INV10911,EMP114,2025-07,False,False,False,False,-0.1849577186344923,False,0,OK
TX00587,2025-09-02,Sales,CC101,Revenue,CareMed,84278.63,UPI,INV12208,EMP147,2025-09,False,False,False,False,0.7286175637824586,False,0,OK
TX00588,2025-02-09,HR,CC301,Expense,Delta Services,95024.36,Card,INV12103,EMP134,2025-02,False,False,False,False,0.46259022638532893,False,0,OK
TX00589,2025-06-04,Finance,CC101,Expense,CareMed,36745.9,Card,INV11395,EMP152,2025-06,False,False,False,False,-0.5482617337231115,False,0,OK
TX00590,2025-04-04,HR,CC301,Expense,Bright Systems,58839.94,Card,INV11557,EMP165,2025-04,False,False,False,False,-0.36033416765927534,False,0,OK
TX00591,2025-05-04,HR,CC401,Expense,Epsilon Tech,61533.88,Bank Transfer,INV12608,EMP101,2025-05,False,False,False,False,-0.3493680095631592,False,0,OK
TX00592,2025-04-16,Sales,CC101,Revenue,Bright Systems,83232.05,UPI,INV11411,EMP111,2025-04,False,False,False,False,0.203705329076806,False,0,OK
TX00593,2025-07-14,HR,CC201,Expense,Bright Systems,52177.62,UPI,INV11872,EMP168,2025-07,False,False,False,False,-0.31967292050550616,False,0,OK
TX00594,2025-10-09,Finance,CC101,Expense,Bright Systems,61107.22,Cash,INV12437,EMP141,2025-10,False,False,True,False,-0.0252717868952886,False,1,Review
TX00595,2025-04-18,Operations,CC101,Expense,CareMed,41523.29,Bank Transfer,INV10061,EMP163,2025-04,False,False,False,True,-0.7890098086371925,False,1,Review
TX00596,2025-06-13,Operations,CC102,Revenue,Delta Services,56929.51,UPI,INV10811,EMP104,2025-06,False,False,False,False,0.11321247269542488,False,0,OK
TX00597,2025-06-05,IT,CC101,Expense,Alpha Supplies,32516.79,UPI,INV12744,EMP129,2025-06,False,False,False,False,-0.6562960749158601,False,0,OK
TX00598,2025-09-26,Operations,CC501,Expense,Delta Services,39732.01,Bank Transfer,INV11323,EMP134,2025-09,False,False,False,False,-0.47669939550758766,False,0,OK
TX00599,2025-07-23,Finance,CC102,Expense,Alpha Supplies,95506.0,Bank Transfer,INV11645,EMP168,2025-07,False,False,False,False,0.37635543135961935,False,0,OK
TX00600,2025-10-10,HR,CC102,Revenue,CareMed,550063.62,Card,INV10396,EMP102,2025-10,False,True,False,False,4.173959017438712,True,2,Review
TX00601,2025-10-25,IT,CC501,Revenue,Bright Systems,123013.9,UPI,INV12705,EMP184,2025-10,False,False,False,False,1.2575631407153283,False,0,OK
TX00602,2025-04-08,HR,CC501,Expense,Epsilon Tech,78112.99,Bank Transfer,INV10254,EMP129,2025-04,False,False,False,False,0.2595736040860672,False,0,OK
TX00603,2025-08-02,Finance,CC101,Expense,Alpha Supplies,20228.09,Card,INV10922,EMP139,2025-08,False,False,False,False,-0.9022130314598432,False,0,OK
TX00604,2025-10-27,Sales,CC102,Expense,Delta Services,96614.14,Bank Transfer,INV12002,EMP115,2025-10,False,False,False,False,0.28174974572129774,False,0,OK
TX00605,2025-07-07,Operations,CC301,Expense,Bright Systems,87963.53,Bank Transfer,INV12316,EMP127,2025-07,False,False,False,False,0.27890925582930015,False,0,OK
TX00606,2025-01-11,Finance,CC201,Revenue,Epsilon Tech,25037.85,UPI,INV12605,EMP149,2025-01,False,False,False,False,-0.8513388971079092,False,0,OK
TX00607,2025-06-10,Operations,CC201,Revenue,Delta Services,34010.42,Bank Transfer,INV10773,EMP125,2025-06,False,False,False,False,-0.6068979392903939,False,0,OK
TX00608,2025-07-12,Sales,CC501,Expense,Bright Systems,41568.33,Card,INV11417,EMP154,2025-07,False,False,False,False,-1.0218192622788005,False,0,OK
TX00609,2025-11-09,HR,CC102,Revenue,Bright Systems,1180405.92,UPI,INV12885,EMP147,2025-11,False,True,False,False,4.540474398234993,True,2,Review
TX00610,2025-01-19,Sales,CC102,Revenue,Delta Services,28645.92,Bank Transfer,INV11547,EMP176,2025-01,False,False,False,False,-1.1902420068035802,False,0,OK
TX00611,2025-09-02,IT,CC401,Expense,CareMed,52605.11,UPI,INV12543,EMP114,2025-09,False,False,False,False,-0.2717397004745484,False,0,OK
TX00612,2025-12-10,Finance,CC201,Expense,Alpha Supplies,48300.49,Bank Transfer,INV10769,EMP123,2025-12,False,False,False,False,-0.4519602652682494,False,0,OK
TX00613,2025-07-02,Sales,CC102,Revenue,Bright Systems,167078.13,Bank Transfer,INV11416,EMP137,2025-07,False,True,False,False,1.5862355791266616,False,1,Review
TX00614,2025-07-21,Finance,CC101,Expense,Bright Systems,49901.46,Bank Transfer,INV11040,EMP139,2025-07,False,False,False,False,-0.4434450555725174,False,0,OK
TX00615,2025-10-20,Sales,CC301,Revenue,Bright Systems,112708.09,UPI,INV10610,EMP165,2025-10,False,False,False,False,0.6018960998414873,False,0,OK
TX00616,2025-08-01,IT,CC201,Revenue,CareMed,93479.71,Card,INV11412,EMP151,2025-08,False,False,False,False,0.9006553516258077,False,0,OK
TX00617,2025-05-20,IT,CC501,Expense,Alpha Supplies,40401.21,Cash,INV10453,EMP140,2025-05,False,False,False,False,-0.7365759472709652,False,0,OK
TX00618,2025-09-03,Finance,CC101,Expense,Epsilon Tech,63958.28,Card,INV12308,EMP121,2025-09,False,False,False,False,-0.08698075047611065,False,0,OK
TX00619,2025-07-13,Finance,CC501,Revenue,Epsilon Tech,127478.9,Card,INV10211,EMP115,2025-07,False,False,False,False,0.9511095893586368,False,0,OK
TX00620,2025-02-20,HR,CC401,Revenue,Alpha Supplies,80830.48,Bank Transfer,INV11521,EMP186,2025-02,False,False,False,False,0.24949914749722832,False,0,OK
TX00621,2025-02-13,HR,CC201,Revenue,Delta Services,325107.9,UPI,INV10145,EMP106,2025-02,False,True,False,False,3.9168078027628552,True,2,Review
TX00622,2025-04-26,IT,CC301,Expense,CareMed,21356.69,Cash,INV12804,EMP113,2025-04,False,False,False,False,-1.0978216480133434,False,0,OK
TX00623,2025-01-01,Finance,CC401,Revenue,Alpha Supplies,41088.64,Cash,INV11463,EMP176,2025-01,False,False,False,False,-0.5568788480566752,False,0,OK
TX00624,2025-02-23,Finance,CC102,Expense,Epsilon Tech,60684.13,Card,INV12593,EMP183,2025-02,False,False,False,False,-0.12072289348732126,False,0,OK
TX00625,2025-09-04,Operations,CC102,Revenue,CareMed,84666.52,Bank Transfer,INV11295,EMP115,2025-09,False,False,False,False,1.1158469213488755,False,0,OK
TX00626,2025-08-12,Sales,CC101,Expense,CareMed,19607.76,Bank Transfer,INV12856,EMP105,2025-08,False,False,False,False,-1.0248111569332394,False,0,OK
TX00627,2025-08-27,HR,CC101,Expense,Delta Services,21089.93,Bank Transfer,INV10768,EMP169,2025-08,False,False,False,False,-0.720155719915615,False,0,OK
TX00628,2025-02-15,IT,CC102,Revenue,Bright Systems,170518.98,UPI,INV12665,EMP116,2025-02,False,True,False,False,1.6344365105052938,False,1,Review
TX00629,2025-08-04,Operations,CC401,Expense,CareMed,26611.81,UPI,INV10337,EMP117,2025-08,False,False,False,False,-0.8856298970231564,False,0,OK
TX00630,2025-05-26,Finance,CC301,Expense,Delta Services,54586.18,Bank Transfer,INV11258,EMP162,2025-05,False,False,False,False,-0.21172417877277264,False,0,OK
TX00631,2025-11-17,HR,CC501,Expense,Delta Services,119869.9,Card,INV12724,EMP178,2025-11,False,False,False,False,0.09549391881469983,False,0,OK
TX00632,2025-02-11,Operations,CC301,Expense,Delta Services,71103.9,UPI,INV10842,EMP127,2025-02,False,False,False,False,0.5603630402103965,False,0,OK
TX00633,2025-08-02,Sales,CC401,Expense,Bright Systems,43955.62,Card,INV12165,EMP173,2025-08,False,False,False,False,-0.14549793115044035,False,0,OK
TX00634,2025-03-09,Sales,CC201,Expense,Delta Services,65908.86,Card,INV10020,EMP109,2025-03,False,False,False,False,-0.2804552602315541,False,0,OK
TX00635,2025-11-15,Sales,CC501,Expense,Delta Services,28249.92,Bank Transfer,INV11164,EMP168,2025-11,False,False,False,False,-0.7158195398089026,False,0,OK
TX00636,2025-04-28,Finance,CC101,Revenue,Epsilon Tech,149177.21,Bank Transfer,INV12273,EMP105,2025-04,False,False,False,False,2.4828300218571933,False,0,OK
TX00637,2025-06-14,Sales,CC301,Expense,Epsilon Tech,93423.77,Card,INV12269,EMP127,2025-06,False,False,False,False,0.5746134130459921,False,0,OK
TX00638,2025-12-17,Sales,CC501,Expense,Epsilon Tech,25738.44,Bank Transfer,INV11070,EMP178,2025-12,False,False,False,False,-1.0253961366203443,False,0,OK
TX00639,2025-11-22,Finance,CC102,Revenue,Alpha Supplies,117552.86,Cash,INV10745,EMP134,2025-11,False,False,True,False,1.8383543328086633,False,1,Review
TX00640,2025-04-10,HR,CC201,Expense,Bright Systems,70052.85,Card,INV12147,EMP104,2025-04,False,False,False,False,0.0003233335084728833,False,0,OK
TX00641,2025-01-17,Operations,CC501,Expense,Bright Systems,85768.35,Cash,INV12686,EMP139,2025-01,False,False,True,False,0.0834846405053585,False,1,Review
TX00642,2025-12-07,HR,CC501,Expense,FastLogix,98766.41,Card,INV12414,EMP119,2025-12,False,False,False,False,0.34485213031059575,False,0,OK
TX00643,2025-03-16,HR,CC201,Expense,Epsilon Tech,11446.21,Bank Transfer,INV10402,EMP157,2025-03,False,False,False,False,-0.9499099788517047,False,0,OK
TX00644,2025-09-16,Sales,CC102,Expense,Epsilon Tech,69859.68,Card,INV12166,EMP178,2025-09,False,False,False,False,0.37656272901445137,False,0,OK
TX00645,2025-11-08,Operations,CC301,Expense,Delta Services,78877.71,UPI,INV10928,EMP109,2025-11,False,False,False,False,0.25749720636800355,False,0,OK
TX00646,2025-03-22,Sales,CC401,Revenue,CareMed,140631.54,Card,INV11372,EMP173,2025-03,False,False,False,False,0.4807727153488139,False,0,OK
TX00647,2025-02-12,IT,CC501,Expense,FastLogix,63853.48,Cash,INV12282,EMP132,2025-02,False,False,True,False,-0.18158842519685647,False,1,Review
TX00648,2025-08-05,Finance,CC501,Expense,Bright Systems,35797.97,Bank Transfer,INV11777,EMP170,2025-08,False,False,False,False,-0.6540169407163536,False,0,OK
TX00649,2025-05-22,HR,CC102,Revenue,Delta Services,150438.79,Cash,INV10806,EMP134,2025-05,False,True,True,False,1.8168863218790963,False,2,Review
TX00650,2025-01-14,IT,CC201,Expense,Bright Systems,100988.98,Card,INV12355,EMP179,2025-01,False,False,False,False,0.5541699353836335,False,0,OK
TX00651,2025-09-01,HR,CC101,Revenue,Epsilon Tech,104159.19,Bank Transfer,INV11299,EMP156,2025-09,False,False,False,False,0.45421813563381863,False,0,OK
TX00652,2025-08-10,Finance,CC101,Expense,CareMed,33315.15,Bank Transfer,INV10176,EMP188,2025-08,False,False,False,False,-0.6935950375301859,False,0,OK
TX00653,2025-11-22,HR,CC401,Expense,Alpha Supplies,43110.65,Bank Transfer,INV12892,EMP151,2025-11,False,False,False,False,-0.22622393086752232,False,0,OK
TX00654,2025-06-11,HR,CC301,Expense,FastLogix,18094.16,Card,INV11116,EMP163,2025-06,False,False,False,False,-0.5927889530058416,False,0,OK
TX00655,2025-11-07,HR,CC201,Expense,Bright Systems,10334.78,Bank Transfer,INV11398,EMP135,2025-11,False,False,False,False,-0.36359607061438093,False,0,OK
TX00656,2025-09-24,HR,CC101,Expense,Epsilon Tech,75101.38,Card,INV11568,EMP119,2025-09,False,False,False,False,-0.1859890860703894,False,0,OK
TX00657,2025-10-12,IT,CC101,Expense,FastLogix,31603.45,Bank Transfer,INV12132,EMP130,2025-10,False,False,False,False,-0.7786898796257776,False,0,OK
TX00658,2025-05-16,Operations,CC201,Expense,Epsilon Tech,35486.01,Card,INV10421,EMP166,2025-05,False,False,False,False,-0.669653897258333,False,0,OK
TX00659,2025-07-05,Operations,CC501,Expense,Alpha Supplies,48883.27,Card,INV12384,EMP141,2025-07,False,False,False,False,-0.561887315158615,False,0,OK
TX00660,2025-12-16,Sales,CC301,Revenue,Alpha Supplies,103227.72,Card,INV12423,EMP107,2025-12,False,False,False,False,0.8921995589899857,False,0,OK
TX00661,2025-06-06,IT,CC401,Revenue,Bright Systems,65519.52,Bank Transfer,INV12735,EMP111,2025-06,False,False,False,False,-0.23416248155498612,False,0,OK
TX00662,2025-09-07,Operations,CC501,Revenue,CareMed,55965.94,Cash,INV11415,EMP188,2025-09,False,False,True,False,0.09865539148365006,False,1,Review
TX00663,2025-10-20,Sales,CC102,Revenue,Delta Services,62601.04,UPI,INV12268,EMP179,2025-10,False,False,False,False,-0.39485046475067587,False,0,OK
TX00664,2025-06-14,Sales,CC301,Expense,Epsilon Tech,63959.79,Bank Transfer,INV11963,EMP133,2025-06,False,False,False,False,-0.1785067143276505,False,0,OK
TX00665,2025-02-07,Operations,CC101,Expense,FastLogix,49219.0,Bank Transfer,INV12748,EMP102,2025-02,False,False,False,False,-0.2463205233153906,False,0,OK
TX00666,2025-11-06,HR,CC102,Revenue,Delta Services,85850.53,Bank Transfer,INV12224,EMP162,2025-11,False,False,False,False,-0.0470900507256995,False,0,OK
TX00667,2025-07-10,Sales,CC501,Revenue,Alpha Supplies,101662.9,Card,INV10551,EMP118,2025-07,False,False,False,False,0.2269273234912303,False,0,OK
TX00668,2025-03-18,IT,CC201,Expense,FastLogix,38999.17,UPI,INV11535,EMP148,2025-03,False,False,False,False,-0.5955332261954852,False,0,OK
TX00669,2025-01-12,IT,CC102,Revenue,Alpha Supplies,145689.08,Bank Transfer,INV10233,EMP180,2025-01,False,False,False,True,1.727569635910579,False,1,Review
TX00670,2025-07-01,Operations,CC201,Expense,CareMed,44056.19,Cash,INV12488,EMP112,2025-07,False,False,False,True,-0.6657400610688096,False,1,Review
TX00671,2025-07-19,Operations,CC401,Expense,Alpha Supplies,60490.72,Bank Transfer,INV12956,EMP130,2025-07,False,False,False,False,-0.31215754985219996,False,0,OK
TX00672,2025-02-07,Finance,CC201,Revenue,Delta Services,66838.79,UPI,INV12987,EMP118,2025-02,False,False,False,False,0.02286971078607487,False,0,OK
TX00673,2025-07-06,IT,CC401,Expense,FastLogix,65556.74,Bank Transfer,INV11606,EMP182,2025-07,False,False,False,False,-0.06865088490944896,False,0,OK
TX00674,2025-06-11,IT,CC201,Expense,CareMed,58048.22,Bank Transfer,INV12845,EMP170,2025-06,False,False,False,False,-0.3297269005008459,False,0,OK
TX00675,2025-09-25,Finance,CC101,Expense,Bright Systems,50512.86,Cash,INV12496,EMP176,2025-09,False,False,True,False,-0.21786917445550347,False,1,Review
TX00676,2025-05-20,Finance,CC301,Expense,Alpha Supplies,26473.4,Cash,INV12969,EMP152,2025-05,False,False,False,False,-0.9510514205434906,False,0,OK
TX00677,2025-01-22,IT,CC101,Expense,FastLogix,102234.24,Bank Transfer,INV10499,EMP120,2025-01,False,False,False,False,0.5868586253659421,False,0,OK
TX00678,2025-06-05,Finance,CC102,Expense,Delta Services,19714.58,UPI,INV10631,EMP183,2025-06,False,False,False,False,-1.0374058987450114,False,0,OK
TX00679,2025-12-08,Sales,CC101,Expense,Bright Systems,42867.46,Bank Transfer,INV11685,EMP145,2025-12,False,False,False,False,-0.6015112454196098,False,0,OK
TX00680,2025-01-27,IT,CC101,Expense,Epsilon Tech,41604.51,Bank Transfer,INV11629,EMP147,2025-01,False,False,False,False,-1.004701729645111,False,0,OK
TX00681,2025-12-28,HR,CC401,Revenue,Alpha Supplies,15193.04,UPI,INV12403,EMP187,2025-12,False,False,False,False,-1.070290163107146,False,0,OK
TX00682,2025-12-11,Sales,CC102,Expense,Epsilon Tech,137713.09,Bank Transfer,INV11045,EMP187,2025-12,False,False,False,False,1.7455949844414753,False,0,OK
TX00683,2025-09-15,Operations,CC201,Expense,FastLogix,37027.76,UPI,INV12595,EMP157,2025-09,False,False,False,False,-0.5725420647023578,False,0,OK
TX00684,2025-12-06,Sales,CC301,Expense,CareMed,73827.23,Bank Transfer,INV10712,EMP130,2025-12,False,False,False,False,0.16463759076890325,False,0,OK
TX00685,2025-07-09,Operations,CC301,Expense,CareMed,50595.77,Card,INV11079,EMP162,2025-07,False,False,False,False,-0.5250435447277938,False,0,OK
TX00686,2025-11-15,IT,CC301,Revenue,FastLogix,113493.01,Bank Transfer,INV10599,EMP101,2025-11,False,False,False,False,0.6491179979297635,False,0,OK
TX00687,2025-08-20,Operations,CC201,Expense,FastLogix,51734.9,Bank Transfer,INV12514,EMP101,2025-08,False,False,False,False,-0.2058140219642497,False,0,OK
TX00688,2025-05-20,IT,CC401,Revenue,Delta Services,154516.29,Bank Transfer,INV11886,EMP154,2025-05,False,True,False,False,2.292761535089742,False,1,Review
TX00689,2025-08-13,Operations,CC102,Expense,FastLogix,33628.99,Cash,INV11186,EMP142,2025-08,False,False,False,False,-0.6957491792394023,False,0,OK
TX00690,2025-05-17,Operations,CC501,Expense,Delta Services,23494.35,UPI,INV10715,EMP146,2025-05,False,False,False,False,-0.8988645000480499,False,0,OK
TX00691,2025-10-10,Operations,CC201,Expense,Epsilon Tech,69588.45,Bank Transfer,INV10669,EMP170,2025-10,False,False,False,False,0.19524391235039373,False,0,OK
TX00692,2025-04-27,Finance,CC501,Expense,Alpha Supplies,31341.79,Bank Transfer,INV10556,EMP167,2025-04,False,False,False,False,-0.5947730833469859,False,0,OK
TX00693,2025-09-09,Operations,CC301,Expense,Alpha Supplies,76837.24,Cash,INV12286,EMP106,2025-09,False,False,True,False,0.8383655150169055,False,1,Review
TX00694,2025-05-16,Finance,CC201,Expense,CareMed,102016.9,Card,INV10797,EMP119,2025-05,False,False,False,False,1.0356381736092837,False,0,OK
TX00695,2025-12-18,Sales,CC101,Expense,Delta Services,59603.97,Cash,INV11996,EMP117,2025-12,False,False,True,True,-0.1873396395466523,False,2,Review
TX00696,2025-11-24,Operations,CC101,Revenue,Alpha Supplies,102107.22,Card,INV10699,EMP114,2025-11,False,False,False,False,0.9575017342004649,False,0,OK
TX00697,2025-03-25,IT,CC101,Expense,Alpha Supplies,20461.09,Bank Transfer,INV11185,EMP162,2025-03,False,False,False,False,-0.9915420817612104,False,0,OK
TX00698,2025-09-28,IT,CC101,Expense,Delta Services,58199.33,Bank Transfer,INV10168,EMP161,2025-09,False,False,False,False,-0.12851489752827616,False,0,OK
TX00699,2025-10-14,HR,CC301,Expense,Bright Systems,50948.02,Bank Transfer,INV10715,EMP179,2025-10,False,False,False,False,-0.36021827020174424,False,0,OK
TX00700,2025-03-08,Operations,CC401,Expense,Bright Systems,11633.32,Bank Transfer,INV12816,EMP138,2025-03,False,False,False,False,-1.1778621268852296,False,0,OK
TX00701,2025-05-01,HR,CC301,Revenue,Bright Systems,154537.66,Bank Transfer,INV10332,EMP100,2025-05,False,True,False,False,1.9167592635593556,False,1,Review
TX00702,2025-05-16,Finance,CC301,Revenue,Epsilon Tech,54047.17,Bank Transfer,INV12146,EMP160,2025-05,False,False,False,False,-0.22589939647044738,False,0,OK
TX00703,2025-11-17,Finance,CC102,Revenue,Epsilon Tech,61410.66,Cash,INV10968,EMP101,2025-11,False,False,True,False,-0.05318804192528251,False,1,Review
TX00704,2025-05-01,HR,CC301,Revenue,Alpha Supplies,111943.13,Cash,INV11777,EMP101,2025-05,False,False,True,False,0.8789022418465269,False,1,Review
TX00705,2025-02-10,HR,CC101,Expense,Bright Systems,48732.62,UPI,INV12194,EMP137,2025-02,False,False,False,False,-0.23238231249815033,False,0,OK
TX00706,2025-11-11,IT,CC201,Revenue,Epsilon Tech,146055.93,Bank Transfer,INV11577,EMP167,2025-11,False,False,False,False,1.206767258303997,False,0,OK
TX00707,2025-06-14,HR,CC102,Expense,Alpha Supplies,78078.0,Card,INV11861,EMP162,2025-06,False,False,False,False,-0.006288672643394244,False,0,OK
TX00708,2025-11-16,Finance,CC201,Expense,Bright Systems,62460.8,Bank Transfer,INV12070,EMP146,2025-11,False,False,False,False,-0.017806736785777738,False,0,OK
TX00709,2025-09-02,Operations,CC101,Revenue,CareMed,56234.95,Bank Transfer,INV11253,EMP153,2025-09,False,False,False,False,0.10818950868438394,False,0,OK
TX00710,2025-08-26,HR,CC401,Revenue,Alpha Supplies,159069.46,UPI,INV10395,EMP144,2025-08,False,True,False,False,2.4613265876972625,False,1,Review
TX00711,2025-01-16,Sales,CC102,Expense,Alpha Supplies,51508.39,UPI,INV12286,EMP113,2025-01,False,False,False,False,-0.6439101601393245,False,0,OK
TX00712,2025-02-17,Operations,CC102,Revenue,Bright Systems,72929.33,Card,INV11259,EMP185,2025-02,False,False,False,False,0.6276489029452905,False,0,OK
TX00713,2025-01-04,Finance,CC501,Revenue,FastLogix,185629.73,Card,INV10869,EMP146,2025-01,False,True,False,False,2.094802249965218,False,1,Review
TX00714,2025-12-16,Sales,CC401,Revenue,Delta Services,97078.07,Card,INV10767,EMP125,2025-12,False,False,False,False,0.7400166716343405,False,0,OK
TX00715,2025-06-10,IT,CC301,Expense,CareMed,32041.28,Bank Transfer,INV11405,EMP185,2025-06,False,False,False,False,-0.6623782609949823,False,0,OK
TX00716,2025-10-09,Finance,CC501,Expense,Delta Services,45845.75,Bank Transfer,INV12199,EMP129,2025-10,False,False,False,False,-0.3712401062975455,False,0,OK
TX00717,2025-11-15,Operations,CC101,Expense,Delta Services,68616.3,Cash,INV10560,EMP150,2025-11,False,False,True,False,-0.05172298217429893,False,1,Review
TX00718,2025-06-01,Sales,CC301,Expense,Delta Services,8659.43,UPI,INV12877,EMP178,2025-06,False,False,False,False,-1.5920229523582317,False,0,OK
TX00719,2025-07-15,HR,CC102,Expense,FastLogix,82970.15,Bank Transfer,INV11725,EMP188,2025-07,False,False,False,False,0.061322583204523745,False,0,OK
TX00720,2025-04-22,Finance,CC201,Expense,Delta Services,60733.59,Bank Transfer,INV12120,EMP156,2025-04,False,False,False,False,0.17287636320771033,False,0,OK
TX00721,2025-07-05,IT,CC101,Revenue,FastLogix,59006.93,Card,INV10337,EMP166,2025-07,False,False,False,False,-0.21349949635249743,False,0,OK
TX00722,2025-10-17,Finance,CC201,Expense,CareMed,64411.68,Bank Transfer,INV11506,EMP175,2025-10,False,False,False,True,0.0496383281022825,False,1,Review
TX00723,2025-04-05,Sales,CC101,Revenue,Bright Systems,156321.8,Bank Transfer,INV11842,EMP163,2025-04,False,True,False,False,1.7975385279207605,False,1,Review
TX00724,2025-04-17,HR,CC101,Expense,CareMed,48384.42,Card,INV10620,EMP178,2025-04,False,False,False,False,-0.6966306077992047,False,0,OK
TX00725,2025-11-12,HR,CC101,Expense,CareMed,20123.18,Card,INV12411,EMP174,2025-11,False,False,False,False,-0.32257035710324755,False,0,OK
TX00726,2025-12-18,HR,CC401,Revenue,Alpha Supplies,194753.36,UPI,INV11112,EMP148,2025-12,False,True,False,False,1.9701927449247256,False,1,Review
TX00727,2025-01-17,Finance,CC201,Revenue,Epsilon Tech,30880.2,UPI,INV11409,EMP113,2025-01,False,False,False,False,-0.7441579628626492,False,0,OK
TX00728,2025-01-26,Operations,CC101,Revenue,Bright Systems,224062.58,Bank Transfer,INV10071,EMP133,2025-01,False,True,False,False,2.8257021391581323,False,1,Review
TX00729,2025-02-27,Operations,CC201,Expense,Delta Services,25236.66,UPI,INV10372,EMP164,2025-02,False,False,False,False,-1.130316314609252,False,0,OK
TX00730,2025-04-01,Finance,CC102,Revenue,Delta Services,13126.75,Card,INV12234,EMP185,2025-04,False,False,False,False,-1.0705100363397138,False,0,OK
TX00731,2025-10-09,Sales,CC301,Expense,Delta Services,32901.02,Bank Transfer,INV10742,EMP169,2025-10,False,False,False,False,-0.985653413703339,False,0,OK
TX00732,2025-08-12,IT,CC501,Revenue,Bright Systems,84803.65,Card,INV10252,EMP138,2025-08,False,False,False,False,0.6440793334178645,False,0,OK
TX00733,2025-12-05,Sales,CC102,Expense,Epsilon Tech,10218.74,UPI,INV12883,EMP108,2025-12,False,False,False,False,-1.4094558403259878,False,0,OK
TX00734,2025-07-10,IT,CC301,Expense,Epsilon Tech,50831.88,Bank Transfer,INV11245,EMP132,2025-07,False,False,False,False,-0.39429018203307337,False,0,OK
TX00735,2025-06-17,Finance,CC501,Expense,Bright Systems,23310.58,Card,INV12885,EMP129,2025-06,False,False,False,False,-0.9341277959662044,False,0,OK
TX00736,2025-07-23,Operations,CC201,Revenue,Alpha Supplies,160468.98,Bank Transfer,INV11186,EMP114,2025-07,False,True,False,False,1.838835769571423,False,1,Review
TX00737,2025-08-06,IT,CC401,Expense,Delta Services,20448.32,UPI,INV12638,EMP177,2025-08,False,False,False,False,-1.2590926503925484,False,0,OK
TX00738,2025-03-11,HR,CC101,Expense,Bright Systems,72576.56,UPI,INV11660,EMP150,2025-03,False,False,False,False,-0.4735606873956072,False,0,OK
TX00739,2025-09-27,IT,CC201,Expense,Delta Services,63765.44,Bank Transfer,INV10148,EMP182,2025-09,False,False,False,False,0.013990225246172277,False,0,OK
TX00740,2025-08-26,IT,CC301,Expense,Bright Systems,40515.06,Card,INV11296,EMP167,2025-08,False,False,False,False,-0.6656615021969325,False,0,OK
TX00741,2025-12-13,IT,CC201,Revenue,Bright Systems,25892.41,Bank Transfer,INV10711,EMP126,2025-12,False,False,False,False,-1.2875534359029488,False,0,OK
TX00742,2025-09-18,Finance,CC401,Revenue,CareMed,97668.44,UPI,INV10567,EMP146,2025-09,False,False,False,False,0.24118078813652993,False,0,OK
TX00743,2025-10-07,Operations,CC501,Expense,Alpha Supplies,45558.18,Cash,INV11715,EMP187,2025-10,False,False,False,False,-0.36389276312120766,False,0,OK
TX00744,2025-02-25,IT,CC501,Expense,Delta Services,11266.83,Bank Transfer,INV12291,EMP170,2025-02,False,False,False,False,-1.0768982271950798,False,0,OK
TX00745,2025-11-15,Finance,CC501,Expense,Delta Services,68970.74,UPI,INV11648,EMP145,2025-11,False,False,False,False,0.20152608891352702,False,0,OK
TX00746,2025-08-18,Sales,CC101,Expense,Delta Services,39326.73,UPI,INV11691,EMP159,2025-08,False,False,False,False,-0.31266844213965006,False,0,OK
TX00747,2025-09-03,Operations,CC101,Expense,FastLogix,12111.14,Card,INV10206,EMP125,2025-09,False,False,False,False,-1.4556243862746212,False,0,OK
TX00748,2025-01-24,HR,CC401,Expense,CareMed,56291.25,UPI,INV11097,EMP158,2025-01,False,False,False,False,-0.34918233895841894,False,0,OK
TX00749,2025-01-04,Operations,CC401,Expense,CareMed,83685.66,Bank Transfer,INV10981,EMP136,2025-01,False,False,False,False,0.04218726344003081,False,0,OK
TX00750,2025-11-18,HR,CC501,Expense,Bright Systems,33624.76,UPI,INV10225,EMP163,2025-11,False,False,False,False,-0.2659817468066058,False,0,OK
TX00751,2025-07-10,Operations,CC102,Expense,Epsilon Tech,54531.29,Card,INV10409,EMP176,2025-07,False,False,False,True,-0.4403723649287248,False,1,Review
TX00752,2025-11-28,Finance,CC401,Expense,FastLogix,38837.96,UPI,INV10432,EMP146,2025-11,False,False,False,False,-0.8137071979640011,False,0,OK
TX00753,2025-08-01,HR,CC401,Revenue,FastLogix,52419.6,Bank Transfer,INV10315,EMP128,2025-08,False,False,False,False,0.002232527155163831,False,0,OK
TX00754,2025-02-02,Finance,CC101,Expense,Delta Services,106314.63,Bank Transfer,INV11578,EMP156,2025-02,False,False,False,False,0.9438691927200741,False,0,OK
TX00755,2025-02-04,Finance,CC102,Expense,Bright Systems,22272.26,Bank Transfer,INV10246,EMP119,2025-02,False,False,False,False,-1.0168991970217391,False,0,OK
TX00756,2025-06-24,IT,CC501,Expense,Bright Systems,413209.32,Card,INV10600,EMP160,2025-06,False,True,False,False,4.213092174315108,True,2,Review
TX00757,2025-03-27,Operations,CC401,Revenue,CareMed,183359.28,Bank Transfer,INV12605,EMP184,2025-03,False,True,False,False,2.0031792014505627,False,1,Review
TX00758,2025-10-16,HR,CC201,Expense,Alpha Supplies,141109.43,UPI,INV11845,EMP116,2025-10,False,False,False,False,0.4588461257891626,False,0,OK
TX00759,2025-11-03,Finance,CC501,Expense,CareMed,57437.97,Bank Transfer,INV11359,EMP179,2025-11,False,False,False,False,-0.18703586899087318,False,0,OK
TX00760,2025-05-26,Finance,CC301,Expense,Alpha Supplies,105868.85,Bank Transfer,INV12110,EMP127,2025-05,False,False,False,False,1.1369391324236993,False,0,OK
TX00761,2025-01-12,HR,CC201,Revenue,Alpha Supplies,116421.15,Bank Transfer,INV12426,EMP101,2025-01,False,False,False,False,1.71388810828658,False,0,OK
TX00762,2025-10-12,Sales,CC501,Expense,Alpha Supplies,29757.51,Bank Transfer,INV10006,EMP108,2025-10,False,False,False,False,-1.0481851890375709,False,0,OK
TX00763,2025-03-13,Operations,CC401,Expense,Bright Systems,207316.14,Bank Transfer,INV11485,EMP179,2025-03,False,True,False,False,2.4469546315436874,False,1,Review
TX00764,2025-11-01,IT,CC501,Expense,FastLogix,41379.9,UPI,INV12181,EMP148,2025-11,False,False,False,False,-0.5858395075637775,False,0,OK
TX00765,2025-09-18,Finance,CC301,Expense,FastLogix,44569.07,Card,INV11187,EMP102,2025-09,False,False,False,False,-0.27573075896267957,False,0,OK
TX00766,2025-10-24,Finance,CC101,Expense,Delta Services,14393.4,Card,INV11361,EMP142,2025-10,False,False,False,False,-1.0842459091954035,False,0,OK
TX00767,2025-04-03,IT,CC101,Expense,Bright Systems,38397.41,Bank Transfer,INV11529,EMP127,2025-04,False,False,False,False,-0.7348415032991619,False,0,OK
TX00768,2025-05-20,Sales,CC401,Expense,Alpha Supplies,58638.61,Bank Transfer,INV12233,EMP158,2025-05,False,False,False,False,-0.20343066792300765,False,0,OK
TX00769,2025-12-01,Sales,CC201,Expense,Epsilon Tech,69601.35,Bank Transfer,INV10988,EMP189,2025-12,False,False,False,False,0.06006145716480004,False,0,OK
TX00770,2025-04-17,Operations,CC201,Revenue,CareMed,124474.34,Bank Transfer,INV10040,EMP137,2025-04,False,False,False,False,0.5147987141732836,False,0,OK
TX00771,2025-08-11,Finance,CC401,Revenue,Delta Services,153553.07,Card,INV10997,EMP111,2025-08,False,True,False,False,1.2230916487595243,False,1,Review
TX00772,2025-07-19,Finance,CC101,Revenue,FastLogix,129671.5,Card,INV10588,EMP102,2025-07,False,False,False,False,0.9905244052442352,False,0,OK
TX00773,2025-11-18,HR,CC102,Revenue,CareMed,87061.75,UPI,INV10066,EMP160,2025-11,False,False,False,False,-0.0420135147526135,False,0,OK
TX00774,2025-12-07,IT,CC401,Expense,Delta Services,69598.27,UPI,INV10928,EMP168,2025-12,False,False,False,False,-0.43807989268700837,False,0,OK
TX00775,2025-06-02,Operations,CC102,Expense,FastLogix,22400.25,Card,INV12247,EMP119,2025-06,False,False,False,False,-0.9716857341777735,False,0,OK
TX00776,2025-05-13,Operations,CC102,Revenue,Delta Services,107908.84,Cash,INV12153,EMP150,2025-05,False,False,True,False,0.7146482360607554,False,1,Review
TX00777,2025-08-18,IT,CC201,Revenue,Bright Systems,129891.18,Bank Transfer,INV12862,EMP121,2025-08,False,False,False,False,1.9774471199743393,False,0,OK
TX00778,2025-11-01,IT,CC301,Revenue,Epsilon Tech,72719.41,UPI,INV12537,EMP169,2025-11,False,False,False,False,-0.04914149116994986,False,0,OK
TX00779,2025-01-28,Finance,CC501,Revenue,Delta Services,97411.46,Card,INV10734,EMP136,2025-01,False,False,False,False,0.47639243266557096,False,0,OK
TX00780,2025-09-01,Sales,CC401,Expense,Bright Systems,16794.47,Bank Transfer,INV12391,EMP171,2025-09,False,False,False,False,-0.9190838845378241,False,0,OK
TX00781,2025-09-06,HR,CC501,Expense,Delta Services,95318.59,Bank Transfer,INV12239,EMP163,2025-09,False,False,False,False,0.2594403473490778,False,0,OK
TX00782,2025-04-27,HR,CC401,Expense,CareMed,84376.47,Bank Transfer,INV10456,EMP126,2025-04,False,False,False,False,0.46103522693099913,False,0,OK
TX00783,2025-01-12,Finance,CC401,Expense,Bright Systems,93182.71,Card,INV10203,EMP105,2025-01,False,False,False,False,0.3988138254801673,False,0,OK
TX00784,2025-09-23,IT,CC201,Revenue,Alpha Supplies,118812.4,Bank Transfer,INV10952,EMP115,2025-09,False,False,False,False,1.423318066981271,False,0,OK
TX00785,2025-06-09,Sales,CC401,Expense,Alpha Supplies,45177.97,Card,INV12635,EMP116,2025-06,False,False,False,False,-0.6585832915826183,False,0,OK
TX00786,2025-05-27,Finance,CC401,Revenue,Epsilon Tech,56531.27,Bank Transfer,INV12440,EMP181,2025-05,False,False,False,False,-0.16057100129634366,False,0,OK
TX00787,2025-02-07,Sales,CC301,Expense,Bright Systems,96535.13,UPI,INV12882,EMP122,2025-02,False,False,False,False,0.6420199609320131,False,0,OK
TX00788,2025-07-18,IT,CC401,Expense,FastLogix,44166.32,Cash,INV12933,EMP148,2025-07,False,False,False,False,-0.5416985970085192,False,0,OK
TX00789,2025-09-20,Operations,CC102,Expense,FastLogix,36639.64,UPI,INV11728,EMP180,2025-09,False,False,False,False,-0.5862976186518353,False,0,OK
TX00790,2025-12-04,IT,CC401,Revenue,Alpha Supplies,97001.21,Card,INV10088,EMP118,2025-12,False,False,False,False,0.0945276921158951,False,0,OK
TX00791,2025-05-02,Operations,CC401,Expense,Epsilon Tech,34179.62,UPI,INV11443,EMP125,2025-05,False,False,False,False,-0.6946244550775555,False,0,OK
TX00792,2025-10-01,IT,CC401,Expense,CareMed,24953.82,Card,INV11038,EMP166,2025-10,False,False,False,False,-0.9268165891174257,False,0,OK
TX00793,2025-07-18,Sales,CC201,Expense,FastLogix,65456.07,Bank Transfer,INV10258,EMP135,2025-07,False,False,False,False,-0.5254394102096004,False,0,OK
TX00794,2025-11-15,Finance,CC101,Expense,Epsilon Tech,116300.95,Bank Transfer,INV12131,EMP176,2025-11,False,False,False,False,1.7961749950849335,False,0,OK
TX00795,2025-01-05,IT,CC501,Expense,FastLogix,82983.85,Bank Transfer,INV11501,EMP182,2025-01,False,False,False,False,0.08152638089608832,False,0,OK
TX00796,2025-09-21,IT,CC501,Expense,FastLogix,69601.94,Bank Transfer,INV12212,EMP122,2025-09,False,False,False,False,0.16341794928918765,False,0,OK
TX00797,2025-11-06,Operations,CC102,Expense,Epsilon Tech,44410.55,Bank Transfer,INV10988,EMP165,2025-11,False,False,False,False,-0.7811457982208106,False,0,OK
TX00798,2025-08-06,Sales,CC101,Revenue,CareMed,35216.74,Card,INV10601,EMP158,2025-08,False,False,False,False,-0.4610990871669769,False,0,OK
TX00799,2025-03-28,HR,CC401,Expense,CareMed,130424.52,Card,INV10792,EMP160,2025-03,False,False,False,False,-0.02278893885857657,False,0,OK
TX00800,2025-02-10,Finance,CC301,Expense,Alpha Supplies,179738.11,UPI,INV11041,EMP169,2025-02,False,True,False,False,2.656891310597523,False,1,Review
TX00801,2025-02-20,IT,CC201,Revenue,Alpha Supplies,181780.78,Card,INV10086,EMP161,2025-02,False,True,False,False,1.82617338532321,False,1,Review
TX00802,2025-06-22,Finance,CC401,Expense,Bright Systems,52307.26,Cash,INV11124,EMP170,2025-06,False,False,True,False,-0.10133522163801215,False,1,Review
TX00803,2025-03-13,IT,CC102,Expense,Delta Services,47514.64,UPI,INV10532,EMP100,2025-03,False,False,False,False,-0.41362649533100154,False,0,OK
TX00804,2025-11-19,IT,CC301,Revenue,Bright Systems,59417.11,Bank Transfer,INV12793,EMP176,2025-11,False,False,False,False,-0.2769471595890034,False,0,OK
TX00805,2025-12-05,IT,CC301,Expense,Bright Systems,26685.43,Bank Transfer,INV10742,EMP159,2025-12,False,False,False,False,-1.2721401821827132,False,0,OK
TX00806,2025-02-01,Finance,CC401,Expense,Bright Systems,10583.08,Bank Transfer,INV10873,EMP153,2025-02,False,False,False,False,-1.2896160973899962,False,0,OK
TX00807,2025-05-03,HR,CC201,Expense,Delta Services,79201.37,Bank Transfer,INV10159,EMP183,2025-05,False,False,False,False,0.0811175141071614,False,0,OK
TX00808,2025-02-04,IT,CC101,Expense,FastLogix,25507.64,Card,INV11273,EMP112,2025-02,False,False,False,False,-0.8344424559794895,False,0,OK
TX00809,2025-03-11,Operations,CC401,Expense,CareMed,108350.13,Bank Transfer,INV11699,EMP140,2025-03,False,False,False,False,0.6137142297401779,False,0,OK
TX00810,2025-10-09,HR,CC201,Expense,Bright Systems,10867.61,UPI,INV12550,EMP179,2025-10,False,False,False,False,-0.724325672778056,False,0,OK
TX00811,2025-10-24,HR,CC101,Expense,Delta Services,105688.47,Bank Transfer,INV12686,EMP172,2025-10,False,False,False,False,0.13706713843949642,False,0,OK
TX00812,2025-07-18,Sales,CC101,Expense,Alpha Supplies,151800.24,Bank Transfer,INV12040,EMP105,2025-07,False,True,False,False,1.2687657482372798,False,1,Review
TX00813,2025-06-26,Sales,CC102,Expense,Delta Services,126475.2,Card,INV12978,EMP115,2025-06,False,False,False,False,1.4194312947945211,False,0,OK
TX00814,2025-11-18,IT,CC501,Expense,Alpha Supplies,230318.34,Card,INV12428,EMP108,2025-11,False,True,False,False,2.649784979498853,False,1,Review
TX00815,2025-12-15,IT,CC301,Expense,Alpha Supplies,42735.21,Bank Transfer,INV10332,EMP143,2025-12,False,False,False,False,-0.960194290157334,False,0,OK
TX00816,2025-01-19,IT,CC101,Revenue,Delta Services,90648.63,Bank Transfer,INV12048,EMP148,2025-01,False,False,False,False,0.28273064121328945,False,0,OK
TX00817,2025-09-26,IT,CC201,Expense,FastLogix,98789.01,Bank Transfer,INV10080,EMP135,2025-09,False,False,False,False,0.9106735719370368,False,0,OK
TX00818,2025-03-01,Operations,CC201,Expense,Alpha Supplies,80809.65,Cash,INV11494,EMP178,2025-03,False,False,True,False,0.1035560388515938,False,1,Review
TX00819,2025-06-01,Sales,CC401,Expense,FastLogix,131649.02,Bank Transfer,INV11463,EMP144,2025-06,False,False,False,False,1.551677786185307,False,0,OK
TX00820,2025-12-14,Operations,CC201,Expense,Delta Services,77088.88,Bank Transfer,INV10366,EMP137,2025-12,False,False,False,False,1.1481195862623084,False,0,OK
TX00821,2025-03-06,Operations,CC301,Revenue,CareMed,74389.46,Bank Transfer,INV10509,EMP129,2025-03,False,False,False,False,-0.01537117358482602,False,0,OK
TX00822,2025-10-19,Operations,CC401,Revenue,CareMed,30458.89,UPI,INV10196,EMP126,2025-10,False,False,False,False,-0.71522326471697,False,0,OK
TX00823,2025-08-20,Operations,CC401,Revenue,CareMed,43102.12,UPI,INV12826,EMP101,2025-08,False,False,False,False,-0.43941191497386867,False,0,OK
TX00824,2025-02-09,Operations,CC102,Expense,CareMed,78828.66,Cash,INV11897,EMP110,2025-02,False,False,True,False,0.8450998644216776,False,1,Review
TX00825,2025-01-26,Finance,CC301,Revenue,Epsilon Tech,73442.99,UPI,INV12787,EMP134,2025-01,False,False,False,False,0.03667844650769155,False,0,OK
TX00826,2025-12-22,Operations,CC501,Expense,Bright Systems,52874.43,Bank Transfer,INV12838,EMP102,2025-12,False,False,False,False,0.24492919256602771,False,0,OK
TX00827,2025-04-10,IT,CC101,Expense,FastLogix,68438.28,Card,INV12290,EMP188,2025-04,False,False,False,False,-0.09494839197875334,False,0,OK
TX00828,2025-05-14,Sales,CC102,Expense,FastLogix,65278.3,UPI,INV10448,EMP163,2025-05,False,False,False,False,0.005385155861834004,False,0,OK
TX00829,2025-10-18,Operations,CC201,Expense,FastLogix,31941.81,Cash,INV11525,EMP182,2025-10,False,False,False,False,-0.680718660366276,False,0,OK
TX00830,2025-09-25,HR,CC401,Revenue,CareMed,86251.61,Card,INV11203,EMP103,2025-09,False,False,False,False,0.05967491165218191,False,0,OK
TX00831,2025-11-21,IT,CC101,Expense,Alpha Supplies,14877.19,Bank Transfer,INV11377,EMP174,2025-11,False,False,False,True,-1.0397059491916412,False,1,Review
TX00832,2025-02-01,Operations,CC102,Expense,Alpha Supplies,68787.99,Bank Transfer,INV11116,EMP156,2025-02,False,False,False,False,0.4749979468535615,False,0,OK
TX00833,2025-07-27,Finance,CC301,Expense,Delta Services,17113.52,Bank Transfer,INV11842,EMP169,2025-07,False,False,False,False,-1.032850609877016,False,0,OK
TX00834,2025-10-16,HR,CC501,Revenue,Delta Services,94789.46,Bank Transfer,INV11660,EMP159,2025-10,False,False,False,False,0.038055920197136966,False,0,OK
TX00835,2025-01-20,Sales,CC102,Revenue,FastLogix,85852.85,Bank Transfer,INV10227,EMP165,2025-01,False,False,False,False,0.17680047412226968,False,0,OK
TX00836,2025-10-21,Operations,CC501,Expense,FastLogix,14789.41,Bank Transfer,INV10408,EMP117,2025-10,False,False,False,False,-1.0798209556113605,False,0,OK
TX00837,2025-07-21,IT,CC201,Revenue,Delta Services,131705.99,UPI,INV11203,EMP185,2025-07,False,False,False,False,1.3942353683557702,False,0,OK
TX00838,2025-05-27,HR,CC401,Revenue,FastLogix,81319.55,Bank Transfer,INV12365,EMP104,2025-05,False,False,False,False,0.13272902352519436,False,0,OK
TX00839,2025-10-06,Sales,CC201,Expense,Alpha Supplies,83745.46,Card,INV12179,EMP147,2025-10,False,False,False,False,0.025761564799932954,False,0,OK
TX00840,2025-08-19,HR,CC201,Revenue,Delta Services,59000.0,Card,INV12928,EMP140,2025-08,False,False,False,False,0.15396102033828876,False,0,OK
TX00841,2025-01-15,Sales,CC501,Expense,CareMed,108632.34,Bank Transfer,INV12939,EMP156,2025-01,False,False,False,False,0.7211493934546926,False,0,OK
TX00842,2025-06-01,Finance,CC201,Expense,Alpha Supplies,93199.61,Bank Transfer,INV10234,EMP182,2025-06,False,False,False,False,1.0731042461503502,False,0,OK
TX00843,2025-05-10,HR,CC101,Expense,Alpha Supplies,49006.62,UPI,INV11296,EMP149,2025-05,False,False,False,False,-0.6546068454846319,False,0,OK
TX00844,2025-05-18,Operations,CC101,Expense,Epsilon Tech,73036.0,Card,INV12527,EMP105,2025-05,False,False,False,False,0.04808291671469784,False,0,OK
TX00845,2025-11-03,Finance,CC102,Expense,Bright Systems,20532.14,Bank Transfer,INV11057,EMP109,2025-11,False,False,False,False,-1.4304666807461537,False,0,OK
TX00846,2025-04-07,IT,CC401,Expense,Alpha Supplies,75927.19,Bank Transfer,INV12770,EMP111,2025-04,False,False,False,False,0.06457102008549526,False,0,OK
TX00847,2025-05-10,IT,CC102,Revenue,Bright Systems,24830.08,Card,INV10389,EMP151,2025-05,False,False,False,False,-1.149932426990484,False,0,OK
TX00848,2025-08-21,Finance,CC401,Expense,FastLogix,14569.35,Bank Transfer,INV11109,EMP117,2025-08,False,False,False,False,-0.9924177823335695,False,0,OK
TX00849,2025-03-17,Operations,CC102,Expense,Bright Systems,37857.89,Bank Transfer,INV11732,EMP102,2025-03,False,False,False,False,-0.692079773490117,False,0,OK
TX00850,2025-05-05,IT,CC201,Revenue,Delta Services,122229.71,Bank Transfer,INV12863,EMP139,2025-05,False,False,False,False,1.4356710701727688,False,0,OK
TX00851,2025-01-08,Finance,CC401,Expense,CareMed,20275.22,Card,INV11205,EMP177,2025-01,False,False,False,False,-0.9387118091834442,False,0,OK
TX00852,2025-11-07,IT,CC102,Revenue,Delta Services,13601.34,Bank Transfer,INV10940,EMP187,2025-11,False,False,False,False,-1.0615552430770934,False,0,OK
TX00853,2025-09-07,Sales,CC501,Expense,CareMed,58681.91,UPI,INV11833,EMP112,2025-09,False,False,False,False,0.10364493885464221,False,0,OK
TX00854,2025-12-21,Operations,CC301,Expense,Delta Services,49378.02,UPI,INV12727,EMP153,2025-12,False,False,False,False,0.11451434009472997,False,0,OK
TX00855,2025-02-18,Finance,CC401,Revenue,Alpha Supplies,69887.36,Cash,INV12290,EMP118,2025-02,False,False,True,False,0.09399502162530052,False,1,Review
TX00856,2025-03-03,Operations,CC201,Expense,Epsilon Tech,38588.93,UPI,INV11275,EMP186,2025-03,False,False,False,False,-0.6785380326102489,False,0,OK
TX00857,2025-03-23,Finance,CC201,Expense,CareMed,66298.94,Bank Transfer,INV11359,EMP123,2025-03,False,False,False,False,0.14747423041328594,False,0,OK
TX00858,2025-12-21,HR,CC501,Expense,Epsilon Tech,9617.28,Bank Transfer,INV10700,EMP103,2025-12,False,False,False,False,-1.1647041348537313,False,0,OK
TX00859,2025-08-24,Sales,CC101,Expense,Alpha Supplies,20839.99,Bank Transfer,INV10729,EMP132,2025-08,False,False,False,False,-0.9803096633232736,False,0,OK
TX00860,2025-06-12,Operations,CC301,Expense,CareMed,56315.42,Card,INV12827,EMP169,2025-06,False,False,False,False,0.09391796305754771,False,0,OK
TX00861,2025-03-11,Finance,CC401,Expense,CareMed,59870.46,Bank Transfer,INV12181,EMP136,2025-03,False,False,False,False,-0.07948231824992076,False,0,OK
TX00862,2025-05-04,Operations,CC301,Expense,Delta Services,36955.09,Bank Transfer,INV11600,EMP151,2025-05,False,False,False,False,-0.6415736554614245,False,0,OK
TX00863,2025-09-15,Operations,CC201,Expense,Bright Systems,34650.27,Bank Transfer,INV12577,EMP176,2025-09,False,False,False,False,-0.6568038702247299,False,0,OK
TX00864,2025-08-19,HR,CC101,Expense,Delta Services,32258.72,Cash,INV11100,EMP124,2025-08,False,False,False,False,-0.4626297826809858,False,0,OK
TX00865,2025-12-19,IT,CC501,Revenue,CareMed,128648.17,Bank Transfer,INV12967,EMP147,2025-12,False,False,False,False,0.7096226757911536,False,0,OK
TX00866,2025-05-21,Operations,CC401,Revenue,FastLogix,81300.37,Card,INV11219,EMP143,2025-05,False,False,False,False,0.20604947258579911,False,0,OK
TX00867,2025-03-23,Sales,CC301,Revenue,Delta Services,69745.32,Card,INV10607,EMP125,2025-03,False,False,False,False,-0.24137180285027357,False,0,OK
TX00868,2025-06-27,Operations,CC301,Expense,CareMed,40335.47,Bank Transfer,INV12983,EMP131,2025-06,False,False,False,False,-0.408166909335413,False,0,OK
TX00869,2025-08-28,IT,CC201,Expense,CareMed,38707.1,Bank Transfer,INV11818,EMP144,2025-08,False,False,False,False,-0.7191280731841354,False,0,OK
TX00870,2025-09-28,Finance,CC102,Expense,FastLogix,22862.6,UPI,INV11406,EMP154,2025-09,False,False,False,False,-0.4870388213702482,False,0,OK
TX00871,2025-09-24,Finance,CC102,Expense,Alpha Supplies,28296.08,Cash,INV11758,EMP139,2025-09,False,False,False,False,-0.43414500072920076,False,0,OK
TX00872,2025-01-22,Sales,CC401,Expense,CareMed,61430.05,Bank Transfer,INV12831,EMP111,2025-01,False,False,False,False,-0.40681771869380773,False,0,OK
TX00873,2025-04-13,Sales,CC401,Expense,FastLogix,51022.99,Card,INV12350,EMP128,2025-04,False,False,False,False,-0.49866222768124663,False,0,OK
TX00874,2025-06-13,IT,CC301,Revenue,Delta Services,134116.71,Bank Transfer,INV12419,EMP160,2025-06,False,False,False,False,0.6432551838671958,False,0,OK
TX00875,2025-08-17,IT,CC401,Revenue,Alpha Supplies,102133.56,Bank Transfer,INV12997,EMP179,2025-08,False,False,False,False,1.15657455633034,False,0,OK
TX00876,2025-10-22,IT,CC201,Revenue,Epsilon Tech,56853.35,UPI,INV10650,EMP155,2025-10,False,False,False,False,-0.2162248098409675,False,0,OK
TX00877,2025-07-10,IT,CC301,Expense,Alpha Supplies,13072.95,Bank Transfer,INV10843,EMP161,2025-07,False,False,False,False,-1.229326401415813,False,0,OK
TX00878,2025-07-21,IT,CC501,Expense,Bright Systems,44529.6,Bank Transfer,INV11539,EMP120,2025-07,False,False,False,False,-0.5336646840301228,False,0,OK
TX00879,2025-05-08,Finance,CC401,Expense,CareMed,54440.22,Bank Transfer,INV11347,EMP152,2025-05,False,False,False,False,-0.21556272495030662,False,0,OK
TX00880,2025-04-02,HR,CC101,Expense,Epsilon Tech,104958.09,UPI,INV11255,EMP106,2025-04,False,False,False,False,1.1230324818081137,False,0,OK
TX00881,2025-04-06,HR,CC501,Revenue,Epsilon Tech,62009.6,Card,INV10233,EMP162,2025-04,False,False,False,False,-0.2583836788788104,False,0,OK
TX00882,2025-04-27,IT,CC101,Expense,Alpha Supplies,76030.7,Card,INV11961,EMP103,2025-04,False,False,False,False,0.06677586088913283,False,0,OK
TX00883,2025-05-05,Sales,CC101,Revenue,Alpha Supplies,51602.18,Bank Transfer,INV12804,EMP181,2025-05,False,False,False,False,-0.42472381970484885,False,0,OK
TX00884,2025-12-05,Finance,CC301,Expense,Bright Systems,25675.71,UPI,INV10255,EMP148,2025-12,False,False,False,False,-1.0655004667619261,False,0,OK
TX00885,2025-01-23,Operations,CC101,Revenue,CareMed,82623.93,Card,INV11544,EMP116,2025-01,False,False,False,False,0.02113436351177901,False,0,OK
TX00886,2025-06-01,Sales,CC102,Expense,Bright Systems,47064.15,Bank Transfer,INV10398,EMP155,2025-06,False,False,False,False,-0.6103711993313469,False,0,OK
TX00887,2025-09-10,HR,CC101,Expense,Epsilon Tech,48992.18,Card,INV10461,EMP171,2025-09,False,False,False,False,-0.7612319688932695,False,0,OK
TX00888,2025-06-12,Operations,CC201,Expense,FastLogix,48313.32,Bank Transfer,INV12593,EMP188,2025-06,False,False,False,True,-0.15750543672628833,False,1,Review
TX00889,2025-12-26,Sales,CC501,Expense,FastLogix,18465.59,Card,INV11260,EMP134,2025-12,False,False,False,False,-1.2053743975464957,False,0,OK
TX00890,2025-11-03,Sales,CC102,Expense,CareMed,91175.49,Bank Transfer,INV11036,EMP172,2025-11,False,False,False,False,-0.004311842695600757,False,0,OK
TX00891,2025-09-17,Operations,CC401,Revenue,Alpha Supplies,65076.2,Bank Transfer,INV12209,EMP124,2025-09,False,False,False,False,0.42153664708440663,False,0,OK
TX00892,2025-04-20,Operations,CC102,Revenue,CareMed,87307.18,Bank Transfer,INV10174,EMP103,2025-04,False,False,False,False,-0.06938750139192769,False,0,OK
TX00893,2025-07-02,Sales,CC102,Expense,Alpha Supplies,48886.92,Bank Transfer,INV12067,EMP112,2025-07,False,False,False,False,-0.8697412246931969,False,0,OK
TX00894,2025-11-11,Finance,CC501,Expense,CareMed,32933.42,Bank Transfer,INV11705,EMP139,2025-11,False,False,False,False,-1.0126428936316376,False,0,OK
TX00895,2025-01-12,Operations,CC201,Expense,FastLogix,40808.53,UPI,INV12759,EMP183,2025-01,False,False,False,False,-0.8080175222405419,False,0,OK
TX00896,2025-12-03,Finance,CC301,Expense,FastLogix,22024.39,Card,INV11626,EMP163,2025-12,False,False,False,False,-1.1645171912789332,False,0,OK
TX00897,2025-06-11,IT,CC102,Expense,Bright Systems,29054.89,Bank Transfer,INV10873,EMP118,2025-06,False,False,False,False,-0.7005767840225312,False,0,OK
TX00898,2025-08-07,Finance,CC301,Expense,Epsilon Tech,90624.76,UPI,INV12731,EMP111,2025-08,False,False,False,False,0.21996506466931667,False,0,OK
TX00899,2025-03-25,Finance,CC301,Expense,Bright Systems,86042.52,Bank Transfer,INV10199,EMP173,2025-03,False,False,False,False,0.8445184422729966,False,0,OK
TX00900,2025-08-20,Finance,CC501,Expense,Alpha Supplies,42514.43,Bank Transfer,INV12349,EMP114,2025-08,False,False,False,False,-0.5469513040104177,False,0,OK
TX00901,2025-02-19,HR,CC101,Expense,CareMed,24256.43,UPI,INV12898,EMP101,2025-02,False,False,False,False,-0.5998405222456005,False,0,OK
TX00902,2025-12-05,Finance,CC501,Revenue,FastLogix,120106.1,Card,INV10558,EMP120,2025-12,False,False,False,False,1.4952687653687942,False,0,OK
TX00903,2025-12-25,HR,CC102,Expense,Epsilon Tech,37995.27,Bank Transfer,INV12526,EMP158,2025-12,False,False,False,False,-0.6841815251852956,False,0,OK
TX00904,2025-06-22,HR,CC501,Expense,Bright Systems,56958.48,Bank Transfer,INV12317,EMP143,2025-06,False,False,False,False,-0.212787696399131,False,0,OK
TX00905,2025-10-20,HR,CC102,Expense,Epsilon Tech,22588.82,Cash,INV12356,EMP157,2025-10,False,False,False,False,-0.6178452418605206,False,0,OK
TX00906,2025-05-16,Finance,CC501,Expense,Delta Services,169453.47,Bank Transfer,INV11536,EMP157,2025-05,False,True,False,False,2.8091267184126774,False,1,Review
TX00907,2025-03-12,HR,CC102,Expense,Delta Services,104311.14,Bank Transfer,INV10591,EMP170,2025-03,False,False,False,False,-0.2262736246247112,False,0,OK
TX00908,2025-11-14,HR,CC101,Expense,Delta Services,35712.08,Bank Transfer,INV11183,EMP166,2025-11,False,False,False,False,-0.25723324936820335,False,0,OK
TX00909,2025-07-24,Operations,CC201,Expense,Epsilon Tech,16532.06,Bank Transfer,INV10026,EMP137,2025-07,False,False,False,False,-1.2579109965596584,False,0,OK
TX00910,2025-02-13,IT,CC401,Revenue,Epsilon Tech,156188.52,UPI,INV11919,EMP117,2025-02,False,True,False,False,1.3904544103878025,False,1,Review
TX00911,2025-05-19,Operations,CC102,Revenue,Epsilon Tech,71858.4,UPI,INV12093,EMP107,2025-05,False,False,False,False,0.025574072580927223,False,0,OK
TX00912,2025-07-05,Sales,CC301,Expense,FastLogix,234543.72,Cash,INV10743,EMP145,2025-07,False,True,True,False,2.9881496816730433,False,2,Review
TX00913,2025-06-28,Sales,CC501,Revenue,CareMed,71073.54,Bank Transfer,INV11137,EMP104,2025-06,False,False,False,False,0.003325757256441122,False,0,OK
TX00914,2025-07-11,Operations,CC201,Expense,Bright Systems,9125.38,Bank Transfer,INV11240,EMP114,2025-07,False,False,False,False,-1.4172628316396905,False,0,OK
TX00915,2025-04-24,HR,CC501,Revenue,Delta Services,73198.86,Bank Transfer,INV12635,EMP156,2025-04,False,False,False,False,0.10151313216455284,False,0,OK
TX00916,2025-02-13,Sales,CC301,Revenue,CareMed,111356.41,Bank Transfer,INV11281,EMP154,2025-02,False,False,False,False,0.9811622964344902,False,0,OK
TX00917,2025-08-24,Operations,CC501,Expense,Alpha Supplies,74139.14,Card,INV12060,EMP118,2025-08,False,False,False,False,0.40043138895573505,False,0,OK
TX00918,2025-12-16,Finance,CC201,Expense,Alpha Supplies,57716.58,Bank Transfer,INV12685,EMP159,2025-12,False,False,False,False,-0.19661414672554547,False,0,OK
TX00919,2025-11-12,IT,CC301,Revenue,FastLogix,191994.2,UPI,INV11639,EMP133,2025-11,False,True,False,False,1.9934731891103206,False,1,Review
TX00920,2025-12-15,HR,CC301,Expense,FastLogix,93712.87,Bank Transfer,INV11462,EMP150,2025-12,False,False,False,False,0.2592808749516422,False,0,OK
TX00921,2025-06-05,IT,CC301,Expense,Alpha Supplies,75483.61,Card,INV12340,EMP167,2025-06,False,False,False,False,-0.10671311247942322,False,0,OK
TX00922,2025-02-10,IT,CC102,Expense,FastLogix,33462.23,Card,INV11642,EMP152,2025-02,False,False,False,False,-0.6990122203992225,False,0,OK
TX00923,2025-09-25,IT,CC101,Expense,FastLogix,104624.63,Card,INV12869,EMP129,2025-09,False,False,False,False,1.060078765971116,False,0,OK
TX00924,2025-04-01,Finance,CC301,Expense,FastLogix,8158.23,Bank Transfer,INV12220,EMP172,2025-04,False,False,False,False,-1.200276897443693,False,0,OK
TX00925,2025-09-24,Operations,CC201,Expense,Delta Services,25444.65,UPI,INV11296,EMP134,2025-09,False,False,False,False,-0.9830648270122899,False,0,OK
TX00926,2025-01-19,IT,CC301,Expense,Delta Services,106012.97,Cash,INV10396,EMP151,2025-01,False,False,True,False,0.6860521540240924,False,1,Review
TX00927,2025-10-05,Operations,CC301,Revenue,Alpha Supplies,158085.34,Bank Transfer,INV11092,EMP186,2025-10,False,True,False,False,2.2543908492835207,False,1,Review
TX00928,2025-01-06,Finance,CC101,Expense,Alpha Supplies,41818.92,UPI,INV10109,EMP122,2025-01,False,False,False,False,-0.5434814835268835,False,0,OK
TX00929,2025-10-19,Sales,CC201,Expense,Delta Services,44351.57,Card,INV10056,EMP167,2025-10,False,False,False,False,-0.7578751594418969,False,0,OK
TX00930,2025-08-06,IT,CC102,Expense,Bright Systems,86439.99,Cash,INV12293,EMP180,2025-08,False,False,True,False,0.6924706079865498,False,1,Review
TX00931,2025-06-13,HR,CC102,Revenue,FastLogix,70641.83,Card,INV12403,EMP125,2025-06,False,False,False,False,-0.07899685187671474,False,0,OK
TX00932,2025-02-08,Operations,CC201,Expense,FastLogix,46700.74,Bank Transfer,INV12804,EMP117,2025-02,False,False,False,False,-0.33914429453136374,False,0,OK
TX00933,2025-06-23,Sales,CC401,Revenue,Delta Services,121212.11,UPI,INV10776,EMP162,2025-06,False,False,False,False,1.2849029991881928,False,0,OK
TX00934,2025-02-17,Sales,CC401,Expense,FastLogix,82979.42,Card,INV11742,EMP112,2025-02,False,False,False,False,0.3318365524278699,False,0,OK
TX00935,2025-07-06,IT,CC102,Revenue,Bright Systems,148976.33,Bank Transfer,INV10639,EMP117,2025-07,False,False,False,False,1.7761677859601488,False,0,OK
TX00936,2025-05-22,Operations,CC401,Revenue,Delta Services,95792.75,Card,INV12146,EMP138,2025-05,False,False,False,False,0.48305925735768523,False,0,OK
TX00937,2025-10-23,Operations,CC101,Revenue,FastLogix,101659.16,Card,INV10623,EMP164,2025-10,False,False,False,False,0.941465663891839,False,0,OK
TX00938,2025-11-16,HR,CC201,Expense,Delta Services,50964.9,Bank Transfer,INV12525,EMP138,2025-11,False,False,False,False,-0.1933047397489719,False,0,OK
TX00939,2025-01-06,IT,CC201,Expense,CareMed,60337.18,Card,INV11723,EMP122,2025-01,False,False,False,False,-0.5129598908557103,False,0,OK
TX00940,2025-04-10,HR,CC101,Revenue,Bright Systems,120361.64,Card,INV12417,EMP120,2025-04,False,False,False,False,1.6184797699886546,False,0,OK
TX00941,2025-08-06,Sales,CC501,Expense,Epsilon Tech,43055.89,Cash,INV12985,EMP133,2025-08,False,False,False,False,-0.17799132024638392,False,0,OK
TX00942,2025-10-20,Finance,CC301,Expense,CareMed,21698.46,Bank Transfer,INV11185,EMP172,2025-10,False,False,False,False,-0.9186446053018303,False,0,OK
TX00943,2025-06-18,Sales,CC501,Expense,Delta Services,68411.71,Bank Transfer,INV12426,EMP171,2025-06,False,False,False,False,-0.06471249652485296,False,0,OK
TX00944,2025-01-13,IT,CC301,Expense,Epsilon Tech,100636.58,Card,INV12479,EMP107,2025-01,False,False,False,False,0.5449192613478776,False,0,OK
TX00945,2025-03-01,Finance,CC101,Expense,Alpha Supplies,114563.92,Card,INV12167,EMP112,2025-03,False,False,False,False,1.8514623087924194,False,0,OK
TX00946,2025-05-09,IT,CC101,Revenue,Delta Services,112245.62,UPI,INV11858,EMP145,2025-05,False,False,False,False,1.1706300426042588,False,0,OK
TX00947,2025-01-10,HR,CC501,Revenue,FastLogix,92236.58,Cash,INV12536,EMP132,2025-01,False,False,True,False,0.8841100503432278,False,1,Review
TX00948,2025-03-19,Sales,CC501,Expense,CareMed,74420.87,Cash,INV12243,EMP132,2025-03,False,False,True,False,-0.19374022082959685,False,1,Review
TX00949,2025-08-04,Sales,CC201,Expense,CareMed,30809.03,Bank Transfer,INV11832,EMP124,2025-08,False,False,False,False,-0.620281770918859,False,0,OK
TX00950,2025-10-03,Sales,CC301,Revenue,CareMed,173994.73,Card,INV10276,EMP112,2025-10,False,True,False,False,1.821030889764196,False,1,Review
TX00951,2025-06-03,HR,CC401,Expense,Delta Services,32393.97,UPI,INV11851,EMP122,2025-06,False,False,False,False,-0.4529705856900824,False,0,OK
TX00952,2025-12-15,Sales,CC102,Expense,CareMed,27927.01,Bank Transfer,INV12419,EMP186,2025-12,False,False,False,False,-0.9712364849686334,False,0,OK
TX00953,2025-11-03,Operations,CC101,Expense,CareMed,66246.79,Bank Transfer,INV11607,EMP168,2025-11,False,False,False,False,-0.12312645683839225,False,0,OK
TX00954,2025-07-16,IT,CC101,Revenue,Alpha Supplies,84629.31,Cash,INV11656,EMP147,2025-07,False,False,True,False,0.35313772898169293,False,1,Review
TX00955,2025-10-09,HR,CC401,Expense,Delta Services,28671.16,Card,INV10113,EMP112,2025-10,False,False,False,False,-0.5625906918450392,False,0,OK
TX00956,2025-02-01,IT,CC501,Revenue,Epsilon Tech,75478.26,Cash,INV10148,EMP126,2025-02,False,False,True,False,0.016328336568209312,False,1,Review
TX00957,2025-11-08,IT,CC501,Expense,Bright Systems,85689.06,Bank Transfer,INV12341,EMP110,2025-11,False,False,False,False,0.17296745144983589,False,0,OK
TX00958,2025-01-25,Operations,CC301,Expense,CareMed,47480.41,Bank Transfer,INV11466,EMP144,2025-01,False,False,False,False,-0.6757217201314337,False,0,OK
TX00959,2025-11-20,Operations,CC201,Revenue,Bright Systems,105432.29,UPI,INV11677,EMP137,2025-11,False,False,False,False,1.0577003201956012,False,0,OK
TX00960,2025-08-15,Finance,CC201,Expense,Alpha Supplies,102134.8,Card,INV12669,EMP142,2025-08,False,False,False,False,0.40344412374370875,False,0,OK
TX00961,2025-04-24,IT,CC201,Revenue,CareMed,110785.45,Bank Transfer,INV12265,EMP154,2025-04,False,False,False,False,0.8070781594132093,False,0,OK
TX00962,2025-01-26,HR,CC401,Revenue,Delta Services,121580.94,Bank Transfer,INV10024,EMP137,2025-01,False,False,False,False,1.8909216683455572,False,0,OK
TX00963,2025-05-24,HR,CC301,Expense,Bright Systems,28674.16,Cash,INV10095,EMP147,2025-05,False,False,False,False,-1.1500269470726814,False,0,OK
TX00964,2025-07-08,Operations,CC401,Revenue,Bright Systems,135914.94,Bank Transfer,INV10114,EMP126,2025-07,False,False,False,False,1.3105651634930573,False,0,OK
TX00965,2025-09-23,Finance,CC102,Expense,CareMed,20162.36,Card,INV11886,EMP186,2025-09,False,False,False,False,-0.5133251075529123,False,0,OK
TX00966,2025-09-27,Finance,CC501,Expense,Alpha Supplies,95383.62,Card,INV10722,EMP141,2025-09,False,False,False,False,0.21893853100535832,False,0,OK
TX00967,2025-03-27,Sales,CC301,Expense,Bright Systems,40700.21,Bank Transfer,INV10309,EMP156,2025-03,False,False,False,False,-0.5372652355511497,False,0,OK
TX00968,2025-04-17,Finance,CC102,Expense,Epsilon Tech,44577.43,Cash,INV10605,EMP105,2025-04,False,False,False,False,-0.24908715323051803,False,0,OK
TX00969,2025-07-05,Operations,CC101,Revenue,Alpha Supplies,144586.93,UPI,INV12769,EMP159,2025-07,False,False,False,False,1.497139650347584,False,0,OK
TX00970,2025-07-11,Finance,CC101,Expense,Alpha Supplies,64633.53,Bank Transfer,INV11973,EMP147,2025-07,False,False,False,False,-0.17861707661431886,False,0,OK
TX00971,2025-06-02,HR,CC401,Expense,Alpha Supplies,14782.44,Bank Transfer,INV11203,EMP135,2025-06,False,False,False,False,-0.6251697527092605,False,0,OK
TX00972,2025-08-08,Sales,CC301,Expense,Bright Systems,81611.42,Bank Transfer,INV11428,EMP135,2025-08,False,False,False,False,1.2144262251175815,False,0,OK
TX00973,2025-01-04,HR,CC102,Revenue,Alpha Supplies,52727.8,Bank Transfer,INV10996,EMP171,2025-01,False,False,False,False,-0.4714451131395699,False,0,OK
TX00974,2025-01-23,HR,CC501,Expense,Epsilon Tech,83153.16,UPI,INV12312,EMP181,2025-01,False,False,False,False,0.5724558589689835,False,0,OK
TX00975,2025-10-15,Sales,CC301,Expense,Epsilon Tech,36357.38,Bank Transfer,INV11523,EMP115,2025-10,False,False,False,False,-0.9168983192407082,False,0,OK
TX00976,2025-05-08,HR,CC301,Expense,Epsilon Tech,56659.19,UPI,INV11789,EMP168,2025-05,False,False,False,False,-0.46814455775311,False,0,OK
TX00977,2025-01-07,Operations,CC201,Revenue,Epsilon Tech,102993.41,Card,INV12925,EMP137,2025-01,False,False,False,False,0.42503801512803036,False,0,OK
TX00978,2025-07-14,Operations,CC101,Expense,Epsilon Tech,36384.13,Bank Transfer,INV10521,EMP128,2025-07,False,False,False,False,-0.8308014434755169,False,0,OK
TX00979,2025-02-17,HR,CC102,Expense,CareMed,28271.1,Bank Transfer,INV11612,EMP175,2025-02,False,False,False,False,-0.5395687458405801,False,0,OK
TX00980,2025-12-28,Operations,CC401,Expense,Bright Systems,84483.18,Cash,INV10328,EMP177,2025-12,False,False,True,False,1.4239243527595198,False,1,Review
TX00981,2025-09-07,Sales,CC401,Expense,Delta Services,37092.6,Bank Transfer,INV11214,EMP104,2025-09,False,False,False,False,-0.4234822767058029,False,0,OK
TX00982,2025-07-23,Operations,CC102,Revenue,CareMed,172607.07,Bank Transfer,INV11117,EMP104,2025-07,False,True,False,False,2.099982047777932,False,1,Review
TX00983,2025-02-21,Operations,CC301,Expense,Delta Services,7476.15,Card,INV11497,EMP139,2025-02,False,False,False,False,-1.7849737038061586,False,0,OK
TX00984,2025-01-27,Operations,CC101,Expense,Bright Systems,69274.98,Card,INV11685,EMP117,2025-01,False,False,False,False,-0.24356015251134747,False,0,OK
TX00985,2025-01-10,Sales,CC102,Revenue,FastLogix,47231.37,Card,INV10407,EMP139,2025-01,False,False,False,False,-0.746115750122382,False,0,OK
TX00986,2025-10-02,Operations,CC101,Revenue,FastLogix,141225.1,Card,INV12984,EMP104,2025-10,False,False,False,False,1.862086537211567,False,0,OK
TX00987,2025-02-04,Sales,CC301,Expense,Bright Systems,45039.17,Bank Transfer,INV11216,EMP133,2025-02,False,False,False,False,-0.5363168725494504,False,0,OK
TX00988,2025-01-05,Operations,CC101,Revenue,Delta Services,83570.41,Bank Transfer,INV12210,EMP118,2025-01,False,False,False,False,0.039901986847365074,False,0,OK
TX00989,2025-06-17,Sales,CC301,Expense,CareMed,30721.16,Card,INV10065,EMP174,2025-06,False,False,False,False,-1.028109560220343,False,0,OK
TX00990,2025-07-10,Sales,CC401,Revenue,Epsilon Tech,113821.57,Card,INV10961,EMP143,2025-07,False,False,False,False,0.47958072711828875,False,0,OK
TX00991,2025-07-06,Operations,CC401,Expense,CareMed,161297.79,Bank Transfer,INV12123,EMP147,2025-07,False,True,False,False,1.8566672938755218,False,1,Review
TX00992,2025-10-15,IT,CC102,Expense,Epsilon Tech,76958.01,Card,INV11857,EMP105,2025-10,False,False,False,False,0.23162524065031667,False,0,OK
TX00993,2025-05-09,Operations,CC301,Expense,Alpha Supplies,25336.17,Bank Transfer,INV11851,EMP185,2025-05,False,False,False,False,-0.8636596433034326,False,0,OK
TX00994,2025-03-19,IT,CC201,Expense,Bright Systems,55622.05,Bank Transfer,INV12667,EMP129,2025-03,False,False,False,False,-0.24043670676054996,False,0,OK
TX00995,2025-11-07,HR,CC102,Expense,Epsilon Tech,54721.77,Bank Transfer,INV10973,EMP146,2025-11,False,False,False,False,-0.17755872688491123,False,0,OK
TX00996,2025-03-01,Operations,CC101,Expense,CareMed,97119.56,UPI,INV12772,EMP125,2025-03,False,False,False,False,0.40567982823927423,False,0,OK
TX00997,2025-03-19,HR,CC301,Expense,Alpha Supplies,400903.86,Cash,INV10141,EMP185,2025-03,False,True,True,False,2.0848816693174417,False,2,Review
TX00998,2025-12-17,Operations,CC401,Expense,FastLogix,68949.2,Bank Transfer,INV12663,EMP157,2025-12,False,False,False,False,0.8445124102264394,False,0,OK
TX00999,2025-02-05,IT,CC201,Expense,Delta Services,93615.64,Card,INV12031,EMP104,2025-02,False,False,False,False,0.3251248485454229,False,0,OK
TX01000,2025-08-14,IT,CC102,Expense,Alpha Supplies,65628.2,Bank Transfer,INV12915,EMP111,2025-08,False,False,False,False,0.0770061909608624,False,0,OK
TX01001,2025-11-03,HR,CC501,Revenue,CareMed,142015.68,Card,INV11573,EMP167,2025-11,False,False,False,False,0.18831260478590933,False,0,OK
TX01002,2025-12-12,Finance,CC401,Expense,Bright Systems,98600.86,UPI,INV10331,EMP136,2025-12,False,False,False,False,0.912088319734853,False,0,OK
TX01003,2025-02-04,Operations,CC201,Revenue,CareMed,54782.02,Bank Transfer,INV12808,EMP152,2025-02,False,False,False,False,-0.04126604294009883,False,0,OK
TX01004,2025-09-27,Finance,CC301,Expense,Bright Systems,27878.8,UPI,INV12527,EMP105,2025-09,False,False,False,False,-0.4382071365016884,False,0,OK
TX01005,2025-05-20,Sales,CC102,Revenue,Bright Systems,44324.18,Card,INV11126,EMP180,2025-05,False,False,False,False,-0.6536142596961854,False,0,OK
TX01006,2025-05-12,Finance,CC102,Expense,Alpha Supplies,109126.21,Bank Transfer,INV10799,EMP100,2025-05,False,False,False,False,1.2226031963922668,False,0,OK
TX01007,2025-01-25,Finance,CC301,Expense,Bright Systems,55518.25,Card,INV12213,EMP159,2025-01,False,False,False,False,-0.29216018508805025,False,0,OK
TX01008,2025-01-28,Finance,CC401,Expense,Delta Services,73728.34,Card,INV10216,EMP167,2025-01,False,False,False,False,0.041913339930181474,False,0,OK
TX01009,2025-09-10,Sales,CC102,Expense,Bright Systems,29842.87,Bank Transfer,INV10721,EMP171,2025-09,False,False,False,False,-0.6004925650598552,False,0,OK
TX01010,2025-11-10,IT,CC301,Expense,Bright Systems,17379.21,Cash,INV12941,EMP115,2025-11,False,False,False,False,-0.9968581455413071,False,0,OK
TX01011,2025-03-20,Sales,CC102,Expense,Alpha Supplies,19061.13,Card,INV11079,EMP178,2025-03,False,False,False,False,-0.757710662051131,False,0,OK
TX01012,2025-07-28,Finance,CC401,Revenue,Epsilon Tech,72549.99,Card,INV12363,EMP164,2025-07,False,False,False,True,-0.03630848710154691,False,1,Review
TX01013,2025-05-17,Finance,CC201,Expense,Delta Services,99914.48,UPI,INV10651,EMP170,2025-05,False,False,False,False,0.980347434676898,False,0,OK
TX01014,2025-06-21,Operations,CC401,Expense,Epsilon Tech,50204.03,UPI,INV12429,EMP136,2025-06,False,False,False,False,-0.09809993864387291,False,0,OK
TX01015,2025-05-08,IT,CC401,Expense,Delta Services,92326.23,Cash,INV10933,EMP131,2025-05,False,False,True,False,0.6418431832973115,False,1,Review
TX01016,2025-06-02,HR,CC401,Expense,Delta Services,103025.21,Bank Transfer,INV12081,EMP185,2025-06,False,False,False,False,0.2376361187547699,False,0,OK
TX01017,2025-05-16,Sales,CC401,Revenue,Delta Services,38175.19,UPI,INV10410,EMP127,2025-05,False,False,False,False,-0.846997747825112,False,0,OK
TX01018,2025-02-16,HR,CC401,Revenue,Alpha Supplies,112837.05,Card,INV11611,EMP156,2025-02,False,False,False,False,0.7300100812804866,False,0,OK
TX01019,2025-06-03,Operations,CC101,Expense,FastLogix,68433.05,Bank Transfer,INV12511,EMP137,2025-06,False,False,False,False,0.47464998739148595,False,0,OK
TX01020,2025-08-19,Finance,CC102,Revenue,FastLogix,117745.39,Card,INV11703,EMP156,2025-08,False,False,False,False,0.6522891637953603,False,0,OK
TX01021,2025-10-27,Sales,CC301,Expense,Alpha Supplies,31302.35,Card,INV11062,EMP144,2025-10,False,False,False,False,-1.0174547037496808,False,0,OK
TX01022,2025-01-12,IT,CC301,Expense,Delta Services,39024.52,Bank Transfer,INV12741,EMP133,2025-01,False,False,False,False,-1.0724277412952534,False,0,OK
TX01023,2025-12-18,Operations,CC101,Expense,Bright Systems,8462.0,Bank Transfer,INV11610,EMP173,2025-12,False,False,False,True,-1.411638688872886,False,1,Review
TX01024,2025-07-05,Finance,CC301,Revenue,Bright Systems,308614.19,Card,INV11516,EMP165,2025-07,False,True,False,False,4.207250292512178,True,2,Review
TX01025,2025-05-18,Sales,CC102,Revenue,Bright Systems,126675.51,Bank Transfer,INV12846,EMP186,2025-05,False,False,False,False,1.9363049705280175,False,0,OK
TX01026,2025-03-04,HR,CC301,Expense,Alpha Supplies,63428.2,Card,INV11439,EMP146,2025-03,False,False,False,False,-0.5448479416643183,False,0,OK
TX01027,2025-07-25,Sales,CC501,Revenue,Epsilon Tech,59533.37,Card,INV10863,EMP135,2025-07,False,False,False,False,-0.648511285148387,False,0,OK
TX01028,2025-02-05,Sales,CC201,Revenue,FastLogix,78975.91,UPI,INV11155,EMP180,2025-02,False,False,False,False,0.24022774862634125,False,0,OK
TX01029,2025-08-14,Sales,CC102,Expense,CareMed,105753.12,UPI,INV10393,EMP125,2025-08,False,False,False,False,2.086294064955686,False,0,OK
TX01030,2025-11-08,HR,CC102,Expense,Alpha Supplies,9557.26,Card,INV12453,EMP126,2025-11,False,False,False,False,-0.36685485782875477,False,0,OK
TX01031,2025-02-13,Finance,CC102,Expense,CareMed,86323.98,Card,INV10080,EMP164,2025-02,False,False,False,False,0.4774730807304646,False,0,OK
TX01032,2025-03-14,Operations,CC201,Expense,Epsilon Tech,29362.89,Cash,INV11656,EMP179,2025-03,False,False,False,False,-0.8494406412599786,False,0,OK
TX01033,2025-04-19,IT,CC401,Expense,Delta Services,21021.41,Bank Transfer,INV11880,EMP117,2025-04,False,False,False,False,-1.1049633640276768,False,0,OK
TX01034,2025-12-23,IT,CC102,Expense,Epsilon Tech,97946.62,Card,INV10814,EMP118,2025-12,False,False,False,False,0.11290282035937944,False,0,OK
TX01035,2025-05-26,HR,CC501,Expense,Delta Services,88849.69,Card,INV10257,EMP179,2025-05,False,False,False,False,0.31620818560259345,False,0,OK
TX01036,2025-09-28,Finance,CC102,Expense,FastLogix,29973.14,Bank Transfer,INV11992,EMP126,2025-09,False,False,False,False,-0.41781916335715286,False,0,OK
TX01037,2025-04-01,Operations,CC101,Expense,Delta Services,181728.72,UPI,INV11351,EMP112,2025-04,False,True,False,False,1.4147119595418436,False,1,Review
TX01038,2025-07-25,HR,CC501,Expense,Alpha Supplies,88002.15,Card,INV11245,EMP186,2025-07,False,False,False,False,0.12358344240215613,False,0,OK
TX01039,2025-11-25,Operations,CC101,Expense,FastLogix,104063.12,UPI,INV11499,EMP126,2025-11,False,False,False,False,1.016441369861635,False,0,OK
TX01040,2025-02-01,Sales,CC401,Expense,Bright Systems,57975.98,UPI,INV11983,EMP155,2025-02,False,False,False,False,-0.2402952092820536,False,0,OK
TX01041,2025-09-23,HR,CC101,Expense,Delta Services,87942.24,UPI,INV12093,EMP155,2025-09,False,False,False,False,0.09692319482389335,False,0,OK
TX01042,2025-08-07,Operations,CC401,Expense,Epsilon Tech,114358.99,Cash,INV12586,EMP124,2025-08,False,False,True,False,1.4887566117881164,False,1,Review
TX01043,2025-04-04,IT,CC102,Expense,Epsilon Tech,18282.98,Bank Transfer,INV10071,EMP127,2025-04,False,False,False,False,-1.1632939813777452,False,0,OK
TX01044,2025-05-16,HR,CC501,Expense,Alpha Supplies,44254.08,UPI,INV10559,EMP121,2025-05,False,False,False,False,-0.7704070904919389,False,0,OK
TX01045,2025-11-24,Finance,CC301,Expense,Bright Systems,22706.1,Card,INV10449,EMP172,2025-11,False,False,False,False,-1.3572216447308816,False,0,OK
TX01046,2025-09-13,Sales,CC401,Expense,Bright Systems,5489.1,Bank Transfer,INV12505,EMP116,2025-09,False,False,False,False,-1.1951171717980742,False,0,OK
TX01047,2025-07-22,HR,CC201,Revenue,Delta Services,42768.81,Card,INV10753,EMP107,2025-07,False,False,False,False,-0.43608798303079943,False,0,OK
TX01048,2025-04-16,IT,CC201,Revenue,Epsilon Tech,64723.88,Bank Transfer,INV11395,EMP150,2025-04,False,False,False,False,-0.17406790391993637,False,0,OK
TX01049,2025-10-16,IT,CC301,Expense,CareMed,30079.66,Cash,INV10252,EMP184,2025-10,False,False,False,False,-0.8126337229157468,False,0,OK
TX01050,2025-04-23,Finance,CC501,Expense,Bright Systems,48649.4,Cash,INV11614,EMP122,2025-04,False,False,False,False,-0.1427362146392331,False,0,OK
TX01051,2025-10-03,IT,CC401,Expense,FastLogix,129054.19,Card,INV10368,EMP149,2025-10,False,False,False,False,1.392116233455121,False,0,OK
TX01052,2025-01-12,HR,CC301,Expense,CareMed,30839.84,Bank Transfer,INV10764,EMP117,2025-01,False,False,False,False,-1.222425963373491,False,0,OK
TX01053,2025-08-01,Finance,CC201,Expense,Bright Systems,137305.69,Card,INV10658,EMP105,2025-08,False,False,False,False,0.9640956769971241,False,0,OK
TX01054,2025-09-09,HR,CC102,Revenue,Epsilon Tech,81653.3,Card,INV12806,EMP155,2025-09,False,False,False,False,-0.041635932820773054,False,0,OK
TX01055,2025-06-14,Sales,CC201,Expense,Epsilon Tech,90332.38,UPI,INV12402,EMP162,2025-06,False,False,False,False,0.4955953024390203,False,0,OK
TX01056,2025-05-09,Operations,CC102,Expense,FastLogix,93733.67,Bank Transfer,INV11988,EMP157,2025-05,False,False,False,False,0.44370165649239635,False,0,OK
TX01057,2025-05-09,Sales,CC301,Expense,Delta Services,51732.93,Card,INV10569,EMP178,2025-05,False,False,False,False,-0.42061177999217125,False,0,OK
TX01058,2025-07-17,Operations,CC301,Expense,Alpha Supplies,33836.62,Bank Transfer,INV10669,EMP177,2025-07,False,False,False,False,-0.8856101287953541,False,0,OK
TX01059,2025-06-23,Sales,CC501,Revenue,Delta Services,70173.01,Bank Transfer,INV11637,EMP106,2025-06,False,False,False,False,-0.019692425226162564,False,0,OK
TX01060,2025-11-24,Sales,CC501,Revenue,Bright Systems,209305.88,Bank Transfer,INV12487,EMP139,2025-11,False,True,False,False,1.331404015706575,False,1,Review
TX01061,2025-11-24,Operations,CC301,Expense,Alpha Supplies,55084.91,UPI,INV11381,EMP159,2025-11,False,False,False,False,-0.45948165929951124,False,0,OK
TX01062,2025-07-26,Operations,CC101,Expense,Delta Services,18308.42,Cash,INV10889,EMP112,2025-07,False,False,False,False,-1.2196933031041879,False,0,OK
TX01063,2025-08-02,Sales,CC301,Revenue,Bright Systems,34857.92,Card,INV11187,EMP163,2025-08,False,False,False,False,-0.47405772795410905,False,0,OK
TX01064,2025-01-02,Operations,CC501,Expense,Delta Services,31390.02,Card,INV12884,EMP125,2025-01,False,False,False,False,-0.9947758774751465,False,0,OK
TX01065,2025-08-06,HR,CC501,Expense,CareMed,26161.91,UPI,INV12125,EMP137,2025-08,False,False,False,False,-0.6032078318153558,False,0,OK
TX01066,2025-10-25,HR,CC501,Expense,Delta Services,18901.43,Card,INV10098,EMP113,2025-10,False,False,False,False,-0.6513430527657951,False,0,OK
TX01067,2025-02-04,Operations,CC201,Revenue,Alpha Supplies,58704.8,Bank Transfer,INV12415,EMP184,2025-02,False,False,False,False,0.10332873013757997,False,0,OK
TX01068,2025-05-21,HR,CC301,Revenue,Epsilon Tech,85547.61,UPI,INV10168,EMP123,2025-05,False,False,False,False,0.23574980481385138,False,0,OK
TX01069,2025-08-24,Finance,CC501,Expense,CareMed,100731.2,UPI,INV10350,EMP181,2025-08,False,False,False,False,0.3810696396136086,False,0,OK
TX01070,2025-07-28,Sales,CC102,Expense,Alpha Supplies,68737.79,Bank Transfer,INV12327,EMP135,2025-07,False,False,False,False,-0.45724628318575744,False,0,OK
TX01071,2025-02-28,Operations,CC301,Expense,CareMed,69434.65,Card,INV11225,EMP152,2025-02,False,False,False,False,0.498834016161147,False,0,OK
TX01072,2025-09-06,IT,CC301,Revenue,Bright Systems,165093.15,Bank Transfer,INV10803,EMP138,2025-09,False,True,False,False,2.608210920490015,False,1,Review
TX01073,2025-10-06,Sales,CC501,Revenue,FastLogix,192819.52,UPI,INV11169,EMP111,2025-10,False,True,False,False,2.195500046532932,False,1,Review
TX01074,2025-07-19,IT,CC101,Expense,Bright Systems,24857.42,Bank Transfer,INV10936,EMP108,2025-07,False,False,False,False,-0.9687136330924173,False,0,OK
TX01075,2025-05-14,IT,CC101,Expense,FastLogix,58480.31,Bank Transfer,INV10530,EMP133,2025-05,False,False,False,False,-0.25664204828629594,False,0,OK
TX01076,2025-02-15,Finance,CC201,Expense,FastLogix,52476.77,Bank Transfer,INV12203,EMP118,2025-02,False,False,False,False,-0.3122064517357544,False,0,OK
TX01077,2025-11-16,HR,CC101,Expense,CareMed,34194.12,Card,INV12233,EMP107,2025-11,False,False,False,False,-0.26359541193627983,False,0,OK
TX01078,2025-10-12,Operations,CC401,Expense,Bright Systems,15744.15,Cash,INV12404,EMP102,2025-10,False,False,False,False,-1.0576060512619814,False,0,OK
TX01079,2025-11-15,Operations,CC102,Expense,CareMed,31564.41,Card,INV12414,EMP159,2025-11,False,False,False,False,-1.1682549608837207,False,0,OK
TX01080,2025-09-24,IT,CC101,Revenue,Epsilon Tech,65532.99,Bank Transfer,INV10846,EMP138,2025-09,False,False,False,False,0.059243540354924296,False,0,OK
TX01081,2025-01-01,IT,CC101,Expense,Delta Services,38078.14,UPI,INV11934,EMP105,2025-01,False,False,False,False,-1.0972706836731159,False,0,OK
TX01082,2025-11-06,HR,CC201,Expense,FastLogix,62779.71,UPI,INV11748,EMP137,2025-11,False,False,False,False,-0.1437858183472644,False,0,OK
TX01083,2025-05-28,Operations,CC301,Expense,FastLogix,105361.12,Bank Transfer,INV12488,EMP136,2025-05,False,False,False,False,0.6659506881866981,False,0,OK
TX01084,2025-12-06,HR,CC201,Expense,Alpha Supplies,56902.75,UPI,INV12070,EMP108,2025-12,False,False,False,False,-0.36402242893310327,False,0,OK
TX01085,2025-06-19,IT,CC501,Expense,FastLogix,53756.24,Card,INV11379,EMP175,2025-06,False,False,False,False,-0.38462505407883796,False,0,OK
TX01086,2025-07-27,Operations,CC101,Expense,Bright Systems,43446.86,Cash,INV12750,EMP178,2025-07,False,False,False,False,-0.6788495586668314,False,0,OK
TX01087,2025-06-16,Operations,CC102,Revenue,FastLogix,60620.6,Card,INV11259,EMP147,2025-06,False,False,False,False,0.2291853294090524,False,0,OK
TX01088,2025-06-20,Finance,CC301,Revenue,Alpha Supplies,79864.89,Bank Transfer,INV10866,EMP105,2025-06,False,False,False,False,0.6901274434010136,False,0,OK
TX01089,2025-04-19,IT,CC201,Expense,Alpha Supplies,134563.48,Cash,INV10285,EMP101,2025-04,False,False,True,False,1.313568071248986,False,1,Review
TX01090,2025-10-04,IT,CC102,Expense,FastLogix,19869.46,Bank Transfer,INV11374,EMP177,2025-10,False,False,False,False,-1.0400754496361246,False,0,OK
TX01091,2025-06-15,IT,CC201,Expense,Epsilon Tech,21096.86,UPI,INV10184,EMP187,2025-06,False,False,False,False,-0.8023669025967715,False,0,OK
TX01092,2025-12-04,HR,CC102,Expense,Delta Services,37654.98,Bank Transfer,INV11877,EMP185,2025-12,False,False,False,False,-0.6899436330316959,False,0,OK
TX01093,2025-06-12,Operations,CC501,Expense,Epsilon Tech,49736.87,Card,INV12291,EMP153,2025-06,False,False,False,False,-0.11277795509493149,False,0,OK
TX01094,2025-11-09,HR,CC201,Expense,Epsilon Tech,13489.59,Bank Transfer,INV10789,EMP140,2025-11,False,False,False,False,-0.35037344676961996,False,0,OK
TX01095,2025-12-19,Finance,CC102,Revenue,CareMed,108347.66,Bank Transfer,INV10691,EMP159,2025-12,False,False,False,False,1.1764026527767022,False,0,OK
TX01096,2025-04-15,Operations,CC102,Revenue,FastLogix,235146.44,Bank Transfer,INV11271,EMP108,2025-04,False,True,False,False,2.2543213268145137,False,1,Review
TX01097,2025-06-23,Finance,CC201,Revenue,Alpha Supplies,106117.97,Bank Transfer,INV11304,EMP158,2025-06,False,False,False,False,1.4441230759094243,False,0,OK
TX01098,2025-07-08,Finance,CC101,Expense,Bright Systems,81426.17,Bank Transfer,INV11681,EMP187,2025-07,False,False,False,False,0.12325230851435642,False,0,OK
TX01099,2025-12-22,HR,CC102,Expense,CareMed,54582.8,UPI,INV12779,EMP154,2025-12,False,False,False,False,-0.40330598736343204,False,0,OK
TX01100,2025-12-14,Finance,CC301,Expense,Bright Systems,43120.05,Bank Transfer,INV10829,EMP147,2025-12,False,False,False,False,-0.5924437617453819,False,0,OK
TX01101,2025-05-19,Operations,CC201,Expense,Bright Systems,12681.01,Cash,INV11433,EMP155,2025-05,False,False,False,False,-1.105552496503099,False,0,OK
TX01102,2025-09-04,HR,CC102,Expense,Alpha Supplies,62616.39,UPI,INV12263,EMP133,2025-09,False,False,False,False,-0.46106077113216193,False,0,OK
TX01103,2025-12-27,Finance,CC101,Expense,Alpha Supplies,50131.15,Cash,INV11970,EMP112,2025-12,False,False,True,False,-0.40231631269649326,False,1,Review
TX01104,2025-08-11,HR,CC201,Expense,Epsilon Tech,39022.32,Cash,INV11897,EMP107,2025-08,False,False,False,False,-0.30667712987973,False,0,OK
TX01105,2025-08-08,Sales,CC501,Revenue,Alpha Supplies,97104.23,Cash,INV10463,EMP164,2025-08,False,False,True,False,1.7739428617969446,False,1,Review
TX01106,2025-01-26,IT,CC401,Revenue,Epsilon Tech,138536.43,Bank Transfer,INV11861,EMP125,2025-01,False,False,False,False,1.5398090410131615,False,0,OK
TX01107,2025-02-27,Finance,CC501,Revenue,Delta Services,120522.49,Bank Transfer,INV12473,EMP145,2025-02,False,False,False,False,1.2753486925708888,False,0,OK
TX01108,2025-02-03,Finance,CC201,Expense,FastLogix,90315.3,UPI,INV10202,EMP100,2025-02,False,False,False,False,0.5705934209748473,False,0,OK
TX01109,2025-05-10,Finance,CC102,Expense,Delta Services,31905.16,Bank Transfer,INV12996,EMP169,2025-05,False,False,False,False,-0.808203643171046,False,0,OK
TX01110,2025-11-10,Operations,CC301,Expense,FastLogix,107500.66,Bank Transfer,INV12722,EMP121,2025-11,False,False,False,False,1.1200291581793915,False,0,OK
TX01111,2025-05-22,Sales,CC201,Expense,Epsilon Tech,54603.29,Bank Transfer,INV12017,EMP103,2025-05,False,False,False,False,-0.3303400070691797,False,0,OK
TX01112,2025-02-19,HR,CC301,Expense,Bright Systems,35747.59,UPI,INV11140,EMP118,2025-02,False,False,False,False,-0.427325066142281,False,0,OK
TX01113,2025-05-15,Sales,CC401,Expense,FastLogix,48177.2,Bank Transfer,INV11421,EMP105,2025-05,False,False,False,False,-0.5324381889218767,False,0,OK
TX01114,2025-05-15,HR,CC102,Expense,Bright Systems,179607.49,Bank Transfer,INV12182,EMP149,2025-05,False,True,False,False,2.527609978396376,False,1,Review
TX01115,2025-02-02,Operations,CC401,Expense,Epsilon Tech,93886.04,Bank Transfer,INV12972,EMP174,2025-02,False,False,False,False,1.4001191222552483,False,0,OK
TX01116,2025-05-17,HR,CC201,Expense,Bright Systems,23977.43,Bank Transfer,INV11016,EMP181,2025-05,False,False,False,False,-1.2644673273184381,False,0,OK
TX01117,2025-03-18,IT,CC501,Revenue,Bright Systems,166123.59,UPI,INV11876,EMP102,2025-03,False,True,False,False,2.120087597463523,False,1,Review
TX01118,2025-03-13,HR,CC201,Expense,Delta Services,123009.82,Bank Transfer,INV10947,EMP137,2025-03,False,False,False,False,-0.08056690170942765,False,0,OK
TX01119,2025-04-24,Sales,CC301,Revenue,Delta Services,55265.12,Cash,INV11970,EMP187,2025-04,False,False,True,False,-0.4061561289764089,False,1,Review
TX01120,2025-12-01,Finance,CC101,Expense,Bright Systems,37569.84,Card,INV12227,EMP103,2025-12,False,False,False,False,-0.7429547042487885,False,0,OK
TX01121,2025-06-04,IT,CC101,Expense,Epsilon Tech,173413.8,Bank Transfer,INV11677,EMP159,2025-06,False,True,False,False,1.1458991109097667,False,1,Review
TX01122,2025-08-25,Operations,CC201,Expense,Bright Systems,34186.73,Card,INV10030,EMP176,2025-08,False,False,False,False,-0.6806570665193762,False,0,OK
TX01123,2025-04-17,Operations,CC201,Revenue,Alpha Supplies,44491.69,Bank Transfer,INV12566,EMP101,2025-04,False,False,False,False,-0.7423530728983366,False,0,OK
TX01124,2025-05-06,HR,CC102,Expense,Epsilon Tech,33745.93,Card,INV12646,EMP174,2025-05,False,False,False,False,-1.0264483536004099,False,0,OK
TX01125,2025-01-02,Sales,CC201,Expense,CareMed,19337.44,Bank Transfer,INV10330,EMP182,2025-01,False,False,False,False,-1.4126816236969992,False,0,OK
TX01126,2025-12-01,Sales,CC401,Revenue,FastLogix,49411.63,UPI,INV11610,EMP161,2025-12,False,False,False,False,-0.4395653320836974,False,0,OK
TX01127,2025-10-18,HR,CC102,Expense,Alpha Supplies,113958.33,Bank Transfer,INV12467,EMP151,2025-10,False,False,False,False,0.21219404568095773,False,0,OK
TX01128,2025-04-28,Operations,CC301,Expense,Alpha Supplies,12308.38,Card,INV10183,EMP103,2025-04,False,False,False,False,-1.2482041003446633,False,0,OK
TX01129,2025-11-26,Finance,CC101,Expense,Epsilon Tech,65925.98,Card,INV10782,EMP106,2025-11,False,False,False,True,0.09894206903374059,False,1,Review
TX01130,2025-08-15,Sales,CC401,Expense,FastLogix,74734.88,Card,INV10190,EMP130,2025-08,False,False,False,False,0.9660827333435839,False,0,OK
TX01131,2025-11-15,Operations,CC201,Revenue,FastLogix,101446.1,UPI,INV12894,EMP109,2025-11,False,False,False,False,0.9375793598825997,False,0,OK
TX01132,2025-05-23,HR,CC401,Revenue,Bright Systems,68036.92,Bank Transfer,INV10192,EMP178,2025-05,False,False,False,False,-0.19091513482831898,False,0,OK
TX01133,2025-09-01,Sales,CC301,Expense,CareMed,54454.03,Cash,INV10332,EMP113,2025-09,False,False,True,True,0.000416507185279156,False,2,Review
TX01134,2025-06-12,HR,CC301,Revenue,CareMed,118647.52,Card,INV10888,EMP136,2025-06,False,False,False,False,0.39038541247969755,False,0,OK
TX01135,2025-01-22,Finance,CC102,Revenue,Alpha Supplies,241235.74,Bank Transfer,INV11168,EMP170,2025-01,False,True,False,False,3.1149232802785796,True,2,Review
TX01136,2025-01-28,IT,CC501,Expense,Bright Systems,24075.6,Bank Transfer,INV12130,EMP165,2025-01,False,False,False,False,-1.464844273947334,False,0,OK
TX01137,2025-10-02,HR,CC102,Expense,Alpha Supplies,29629.8,Bank Transfer,INV10958,EMP134,2025-10,False,False,False,False,-0.5538820004817084,False,0,OK
TX01138,2025-08-09,IT,CC501,Expense,CareMed,12895.0,UPI,INV11896,EMP175,2025-08,False,False,False,False,-1.4824660214677159,False,0,OK
TX01139,2025-03-15,Sales,CC301,Expense,Epsilon Tech,140090.64,UPI,INV10911,EMP183,2025-03,False,False,False,False,0.47526236411420325,False,0,OK
TX01140,2025-08-06,Finance,CC501,Expense,Epsilon Tech,52962.89,Card,INV11359,EMP109,2025-08,False,False,False,False,-0.3803946621936716,False,0,OK
TX01141,2025-01-04,Sales,CC401,Expense,Delta Services,105060.24,UPI,INV11887,EMP115,2025-01,False,False,False,False,0.6357888882481518,False,0,OK
TX01142,2025-05-24,HR,CC401,Expense,CareMed,39680.6,Card,INV11472,EMP175,2025-05,False,False,False,False,-0.8818443649885278,False,0,OK
TX01143,2025-10-14,Finance,CC501,Revenue,CareMed,126785.08,Bank Transfer,INV12137,EMP155,2025-10,False,False,False,False,1.4636056833704663,False,0,OK
TX01144,2025-10-23,Operations,CC501,Revenue,Alpha Supplies,102141.34,Bank Transfer,INV11522,EMP121,2025-10,False,False,False,False,0.9526850352172088,False,0,OK
TX01145,2025-07-09,IT,CC301,Revenue,Bright Systems,47031.59,Bank Transfer,INV12755,EMP135,2025-07,False,False,False,False,-0.4783333419996834,False,0,OK
TX01146,2025-07-15,HR,CC201,Revenue,FastLogix,56115.12,Cash,INV12550,EMP175,2025-07,False,False,True,False,-0.2709542931027483,False,1,Review
TX01147,2025-10-14,Operations,CC102,Expense,CareMed,47132.61,Card,INV10238,EMP177,2025-10,False,False,False,False,-0.3272589027458247,False,0,OK
TX01148,2025-03-09,HR,CC401,Expense,Bright Systems,56223.68,Card,INV12041,EMP161,2025-03,False,False,False,False,-0.6009881076748398,False,0,OK
TX01149,2025-12-16,HR,CC401,Expense,Delta Services,31339.01,UPI,INV11226,EMP104,2025-12,False,False,False,False,-0.79689153127916,False,0,OK
TX01150,2025-02-24,Operations,CC301,Expense,Epsilon Tech,103015.68,UPI,INV10602,EMP155,2025-02,False,False,False,False,1.7366402180293925,False,0,OK
TX01151,2025-09-28,IT,CC301,Revenue,Bright Systems,69202.06,Bank Transfer,INV11201,EMP139,2025-09,False,False,False,False,0.1531801084101811,False,0,OK
TX01152,2025-03-17,IT,CC102,Expense,FastLogix,76959.54,Bank Transfer,INV11465,EMP144,2025-03,False,False,False,False,0.21537290219275598,False,0,OK
TX01153,2025-08-19,IT,CC102,Expense,Alpha Supplies,56643.4,Card,INV10213,EMP181,2025-08,False,False,False,False,-0.1887001559748116,False,0,OK
TX01154,2025-03-06,Sales,CC501,Revenue,Delta Services,47302.68,UPI,INV10986,EMP161,2025-03,False,False,False,False,-0.4700033965495225,False,0,OK
TX01155,2025-06-06,Finance,CC201,Revenue,Epsilon Tech,26697.43,Bank Transfer,INV11053,EMP107,2025-06,False,False,False,False,-0.8368565383476275,False,0,OK
TX01156,2025-01-19,HR,CC201,Expense,Delta Services,84449.19,Card,INV11636,EMP153,2025-01,False,False,False,False,0.6169229409322486,False,0,OK
TX01157,2025-07-15,IT,CC102,Revenue,CareMed,52374.03,Cash,INV12866,EMP145,2025-07,False,False,True,False,-0.3601856376055408,False,1,Review
TX01158,2025-04-06,IT,CC102,Expense,Delta Services,176497.68,Card,INV12260,EMP165,2025-04,False,True,False,False,2.2067980512306664,False,1,Review
TX01159,2025-08-21,Sales,CC102,Expense,Alpha Supplies,10465.44,Bank Transfer,INV11088,EMP101,2025-08,False,False,False,False,-1.3549823871907896,False,0,OK
TX01160,2025-04-14,HR,CC102,Revenue,CareMed,100391.55,Card,INV11129,EMP126,2025-04,False,False,False,False,0.9761520640233846,False,0,OK
TX01161,2025-08-09,Operations,CC201,Expense,Epsilon Tech,94742.83,Bank Transfer,INV10703,EMP133,2025-08,False,False,False,False,0.9579549876369661,False,0,OK
TX01162,2025-03-23,Sales,CC201,Revenue,FastLogix,82463.67,Cash,INV11168,EMP127,2025-03,False,False,True,False,-0.11180519973562933,False,1,Review
TX01163,2025-02-26,Operations,CC201,Expense,CareMed,53640.33,Bank Transfer,INV10359,EMP175,2025-02,False,False,False,False,-0.08334905714814876,False,0,OK
TX01164,2025-06-16,HR,CC201,Expense,Alpha Supplies,43470.52,Card,INV12724,EMP164,2025-06,False,False,False,True,-0.34466808820995004,False,1,Review
TX01165,2025-10-17,HR,CC201,Expense,Delta Services,24450.66,Bank Transfer,INV10926,EMP171,2025-10,False,False,False,False,-0.600931499550682,False,0,OK
TX01166,2025-10-23,Operations,CC102,Expense,CareMed,18472.34,Bank Transfer,INV11967,EMP164,2025-10,False,False,False,False,-0.9941264862527298,False,0,OK
TX01167,2025-05-17,Operations,CC102,Expense,Bright Systems,30897.32,Bank Transfer,INV11675,EMP183,2025-05,False,False,False,False,-0.7573628884167836,False,0,OK
TX01168,2025-01-14,Sales,CC401,Revenue,Bright Systems,41228.17,Card,INV12612,EMP100,2025-01,False,False,False,False,-0.8895709123115444,False,0,OK
TX01169,2025-08-04,Finance,CC301,Expense,Bright Systems,91132.64,Bank Transfer,INV10398,EMP125,2025-08,False,False,False,False,0.22806106994147063,False,0,OK
TX01170,2025-03-23,HR,CC401,Expense,Alpha Supplies,111465.83,Bank Transfer,INV10168,EMP169,2025-03,False,False,False,False,-0.17052175158475597,False,0,OK
TX01171,2025-11-04,IT,CC102,Expense,FastLogix,82085.49,UPI,INV12240,EMP116,2025-11,False,False,False,False,0.11125529095542162,False,0,OK
TX01172,2025-08-27,Finance,CC201,Expense,Delta Services,30912.62,Cash,INV11545,EMP132,2025-08,False,False,False,False,-0.7318932488133787,False,0,OK
TX01173,2025-11-20,Operations,CC401,Expense,Alpha Supplies,117325.6,Cash,INV10726,EMP181,2025-11,False,False,True,False,1.416096638108252,False,1,Review
TX01174,2025-01-25,Finance,CC501,Revenue,Bright Systems,75736.96,Card,INV10855,EMP123,2025-01,False,False,False,False,0.07876251331823854,False,0,OK
TX01175,2025-03-13,Finance,CC201,Expense,Bright Systems,30750.07,Card,INV12440,EMP113,2025-03,False,False,False,False,-1.1075734393433292,False,0,OK
TX01176,2025-04-20,HR,CC501,Expense,Epsilon Tech,38080.31,Card,INV10648,EMP127,2025-04,False,False,False,False,-1.0280570229187058,False,0,OK
TX01177,2025-10-17,IT,CC401,Expense,FastLogix,64687.88,Bank Transfer,INV10962,EMP140,2025-10,False,False,False,False,-0.0417033478478037,False,0,OK
TX01178,2025-12-13,Operations,CC301,Expense,Alpha Supplies,25544.3,Card,INV10219,EMP114,2025-12,False,False,False,False,-0.7744749596848196,False,0,OK
TX01179,2025-05-11,HR,CC201,Expense,CareMed,89563.44,Cash,INV10796,EMP152,2025-05,False,False,True,False,0.3335993963812435,False,1,Review
TX01180,2025-07-25,Operations,CC401,Revenue,Bright Systems,87384.8,Card,INV11556,EMP100,2025-07,False,False,False,False,0.2664581053116774,False,0,OK
TX01181,2025-01-11,HR,CC301,Expense,FastLogix,28100.88,Card,INV12326,EMP142,2025-01,False,False,False,False,-1.316400299472273,False,0,OK
TX01182,2025-07-02,Operations,CC501,Expense,Epsilon Tech,39799.04,Card,INV10998,EMP170,2025-07,False,False,False,False,-0.7573309850335223,False,0,OK
TX01183,2025-04-23,IT,CC101,Expense,Epsilon Tech,102512.54,Bank Transfer,INV10445,EMP142,2025-04,False,False,False,False,0.6308589580527385,False,0,OK
TX01184,2025-08-24,Finance,CC101,Revenue,Delta Services,64904.16,Bank Transfer,INV11643,EMP138,2025-08,False,False,False,False,-0.1900414589247633,False,0,OK
TX01185,2025-04-24,Operations,CC101,Expense,Bright Systems,91683.36,Card,INV10433,EMP124,2025-04,False,False,False,False,-0.0006035525286793077,False,0,OK
TX01186,2025-05-19,HR,CC501,Revenue,Alpha Supplies,147986.63,UPI,INV12899,EMP171,2025-05,False,False,False,False,1.7571370659449812,False,0,OK
TX01187,2025-05-25,Finance,CC201,Expense,FastLogix,85273.3,Cash,INV11709,EMP157,2025-05,False,False,True,False,0.5953046453949915,False,1,Review
TX01188,2025-07-17,Sales,CC301,Revenue,CareMed,96479.12,Card,INV11565,EMP189,2025-07,False,False,False,False,0.11920997770802609,False,0,OK
TX01189,2025-07-07,IT,CC201,Expense,Delta Services,68471.09,UPI,INV11687,EMP139,2025-07,False,False,False,False,-0.004200228973010078,False,0,OK
TX01190,2025-05-13,Finance,CC401,Revenue,Delta Services,71171.07,UPI,INV10110,EMP172,2025-05,False,False,False,False,0.22443549589372308,False,0,OK
TX01191,2025-11-27,Operations,CC201,Expense,CareMed,66533.69,Bank Transfer,INV11890,EMP105,2025-11,False,False,False,False,-0.11448093228642627,False,0,OK
TX01192,2025-12-10,IT,CC501,Revenue,CareMed,82272.19,Card,INV10598,EMP139,2025-12,False,False,False,False,-0.19174771368777643,False,0,OK
TX01193,2025-01-25,HR,CC102,Expense,Epsilon Tech,62543.18,Bank Transfer,INV11699,EMP127,2025-01,False,False,False,False,-0.1346772088776367,False,0,OK
TX01194,2025-02-08,Operations,CC201,Expense,FastLogix,104850.64,Card,INV10848,EMP100,2025-02,False,False,False,False,1.8042773592421595,False,0,OK
TX01195,2025-08-22,Sales,CC501,Expense,Bright Systems,15696.12,Bank Transfer,INV11402,EMP156,2025-08,False,False,False,False,-1.1660784710422012,False,0,OK
TX01196,2025-10-19,IT,CC102,Revenue,Epsilon Tech,98017.97,Bank Transfer,INV12283,EMP130,2025-10,False,False,False,False,0.7007554895251761,False,0,OK
TX01197,2025-05-28,Sales,CC102,Revenue,Epsilon Tech,84145.03,Bank Transfer,INV11805,EMP148,2025-05,False,False,False,False,0.5987369188321208,False,0,OK
TX01198,2025-09-27,Finance,CC101,Revenue,Bright Systems,77601.46,Bank Transfer,INV10961,EMP133,2025-09,False,False,False,False,0.04583282680650111,False,0,OK
TX01199,2025-10-09,HR,CC401,Revenue,Alpha Supplies,70462.14,Cash,INV12596,EMP115,2025-10,False,False,True,False,-0.1829437476416592,False,1,Review
TX01200,2025-05-12,Operations,CC301,Expense,Epsilon Tech,74848.11,Bank Transfer,INV11835,EMP134,2025-05,False,False,False,False,0.0827198915306344,False,0,OK
DUP000,2025-07-13,Operations,CC301,Expense,Bright Systems,105295.23,Bank Transfer,INV12585,EMP113,2025-07,False,False,False,True,0.6517940301217753,False,1,Review
DUP001,2025-12-19,Sales,CC101,Expense,Delta Services,38389.81,Bank Transfer,INV12969,EMP107,2025-12,False,False,False,True,-0.7123178288134624,False,1,Review
DUP002,2025-12-18,Operations,CC101,Expense,Bright Systems,8462.0,Bank Transfer,INV11610,EMP173,2025-12,False,False,False,True,-1.411638688872886,False,1,Review
DUP003,2025-12-09,Finance,CC401,Expense,CareMed,40430.17,Bank Transfer,INV12933,EMP183,2025-12,False,False,False,True,-0.6653880961076968,False,1,Review
DUP004,2025-01-12,IT,CC102,Revenue,Alpha Supplies,145689.08,Bank Transfer,INV10233,EMP180,2025-01,False,False,False,True,1.727569635910579,False,1,Review
DUP005,2025-07-28,Finance,CC401,Revenue,Epsilon Tech,72549.99,Card,INV12363,EMP164,2025-07,False,False,False,True,-0.03630848710154691,False,1,Review
DUP006,2025-09-21,Finance,CC301,Expense,Epsilon Tech,78580.13,Card,INV12338,EMP143,2025-09,False,False,False,False,0.055359979836745773,False,0,OK
DUP007,2025-11-21,IT,CC101,Expense,Alpha Supplies,14877.19,Bank Transfer,INV11377,EMP174,2025-11,False,False,False,True,-1.0397059491916412,False,1,Review
DUP008,2025-07-10,Operations,CC102,Expense,Epsilon Tech,54531.29,Card,INV10409,EMP176,2025-07,False,False,False,True,-0.4403723649287248,False,1,Review
DUP009,2025-01-03,IT,CC301,Revenue,Delta Services,73769.95,Bank Transfer,INV12719,EMP144,2025-01,False,False,False,True,-0.160343044467283,False,1,Review
DUP010,2025-09-01,Sales,CC301,Expense,CareMed,54454.03,Cash,INV10332,EMP113,2025-09,False,False,True,True,0.000416507185279156,False,2,Review
DUP011,2025-11-13,Finance,CC101,Revenue,Alpha Supplies,66958.93,UPI,INV11695,EMP178,2025-11,False,False,False,True,0.13374420888542835,False,1,Review
DUP012,2025-01-14,HR,CC401,Expense,Bright Systems,71620.9,Card,INV10356,EMP122,2025-01,False,False,False,True,0.17678141420946075,False,1,Review
DUP013,2025-08-01,Finance,CC401,Expense,Delta Services,133544.48,Cash,INV12204,EMP127,2025-08,False,False,True,True,0.904139041591757,False,2,Review
DUP014,2025-04-18,Operations,CC101,Expense,CareMed,41523.29,Bank Transfer,INV10061,EMP163,2025-04,False,False,False,True,-0.7890098086371925,False,1,Review
DUP015,2025-10-17,Finance,CC201,Expense,CareMed,64411.68,Bank Transfer,INV11506,EMP175,2025-10,False,False,False,True,0.0496383281022825,False,1,Review
DUP016,2025-11-26,Finance,CC101,Expense,Epsilon Tech,65925.98,Card,INV10782,EMP106,2025-11,False,False,False,True,0.09894206903374059,False,1,Review
DUP017,2025-01-03,HR,CC401,Expense,FastLogix,61698.39,Bank Transfer,INV12045,EMP167,2025-01,False,False,False,True,-0.163662144544054,False,1,Review
DUP018,2025-12-18,Sales,CC101,Expense,Delta Services,59603.97,Cash,INV11996,EMP117,2025-12,False,False,True,True,-0.1873396395466523,False,2,Review
DUP019,2025-12-06,Sales,CC501,Expense,Alpha Supplies,45202.06,UPI,INV11333,EMP173,2025-12,False,False,False,True,-0.5437378487514272,False,1,Review
DUP020,2025-07-01,Operations,CC201,Expense,CareMed,44056.19,Cash,INV12488,EMP112,2025-07,False,False,False,True,-0.6657400610688096,False,1,Review
DUP021,2025-06-12,Operations,CC201,Expense,FastLogix,48313.32,Bank Transfer,INV12593,EMP188,2025-06,False,False,False,True,-0.15750543672628833,False,1,Review
DUP022,2025-03-05,IT,CC102,Revenue,Epsilon Tech,133024.08,Bank Transfer,INV10571,EMP122,2025-03,False,False,False,True,1.413018738396873,False,1,Review
DUP023,2025-06-16,HR,CC201,Expense,Alpha Supplies,43470.52,Card,INV12724,EMP164,2025-06,False,False,False,True,-0.34466808820995004,False,1,Review
DUP024,2025-06-27,HR,CC201,Expense,Alpha Supplies,24720.07,Bank Transfer,INV11168,EMP168,2025-06,False,False,False,True,-0.528003202832856,False,1,Review
