transaction_id,transaction_date,department,cost_center,transaction_type,vendor_name,amount,payment_mode,invoice_id,employee_id
TX00001,2025-07-20,IT,CC201,Revenue,Epsilon Tech,80908.84,Card,INV10130,EMP121
TX00002,2025-05-02,HR,CC501,Expense,Delta Services,33087.62,Bank Transfer,INV10474,EMP158
TX00003,2025-10-28,HR,CC501,Expense,FastLogix,25639.05,Card,INV12879,EMP102
TX00004,2025-05-19,IT,CC101,Expense,Delta Services,50850.76,Bank Transfer,INV12945,EMP183
TX00005,2025-12-15,HR,CC301,Expense,CareMed,70307.23,Bank Transfer,INV11021,EMP105
TX00006,2025-06-10,HR,CC501,Expense,Bright Systems,54717.71,Bank Transfer,INV11275,EMP161
TX00007,2025-08-21,IT,CC102,Expense,Bright Systems,78863.27,Card,INV10492,EMP140
TX00008,2025-01-25,Finance,CC101,Expense,CareMed,69237.96,Card,INV12278,EMP140
TX00009,2025-12-07,Finance,CC301,Expense,FastLogix,25976.49,Cash,INV11895,EMP185
TX00010,2025-11-03,Finance,CC201,Expense,FastLogix,63105.08,Bank Transfer,INV12842,EMP108
TX00011,2025-10-10,HR,CC401,Expense,Alpha Supplies,73051.59,Card,INV11757,EMP122
TX00012,2025-07-13,Sales,CC401,Expense,CareMed,71847.17,Bank Transfer,INV12693,EMP127
TX00013,2025-12-12,HR,CC301,Revenue,CareMed,76860.29,Bank Transfer,INV11306,EMP161
TX00014,2025-09-20,IT,CC101,Expense,FastLogix,26867.28,Bank Transfer,INV11257,EMP143
TX00015,2025-08-15,Sales,CC501,Expense,Alpha Supplies,31036.05,Bank Transfer,INV11636,EMP155
TX00016,2025-01-27,Finance,CC102,Expense,FastLogix,43822.04,Bank Transfer,INV12432,EMP118
TX00017,2025-02-21,HR,CC102,Revenue,Delta Services,62473.95,Card,INV10197,EMP185
TX00018,2025-11-16,Finance,CC101,Expense,FastLogix,75154.08,Bank Transfer,INV11369,EMP166
TX00019,2025-03-20,HR,CC101,Expense,Bright Systems,61833.04,Card,INV12520,EMP149
TX00020,2025-07-10,Sales,CC301,Expense,Alpha Supplies,51582.86,Card,INV11183,EMP108
TX00021,2025-09-03,Sales,CC201,Revenue,FastLogix,163145.08,UPI,INV10253,EMP188
TX00022,2025-03-25,IT,CC102,Expense,Bright Systems,28050.54,Bank Transfer,INV10397,EMP120
TX00023,2025-04-24,Sales,CC101,Expense,Delta Services,150627.47,Card,INV12277,EMP150
TX00024,2025-06-08,Sales,CC201,Revenue,FastLogix,138682.72,Card,INV10546,EMP163
TX00025,2025-01-17,HR,CC301,Expense,FastLogix,60549.24,Bank Transfer,INV11768,EMP136
TX00026,2025-08-17,IT,CC201,Revenue,Delta Services,36590.97,Bank Transfer,INV11816,EMP153
TX00027,2025-10-03,Operations,CC501,Expense,CareMed,23726.2,Bank Transfer,INV10245,EMP147
TX00028,2025-07-10,Operations,CC201,Expense,Epsilon Tech,20947.41,Bank Transfer,INV10035,EMP144
TX00029,2025-04-01,HR,CC201,Expense,Delta Services,15189.67,Bank Transfer,INV10574,EMP161
TX00030,2025-06-26,Operations,CC501,Expense,Bright Systems,134074.03,Bank Transfer,INV12491,EMP107
TX00031,2025-05-28,HR,CC301,Expense,Delta Services,37389.88,Card,INV12983,EMP151
TX00032,2025-02-28,Operations,CC501,Expense,CareMed,62060.67,Bank Transfer,INV10740,EMP189
TX00033,2025-05-23,Finance,CC301,Expense,Bright Systems,44685.16,Bank Transfer,INV10487,EMP100
TX00034,2025-07-05,IT,CC201,Expense,CareMed,76832.45,Bank Transfer,INV11243,EMP168
TX00035,2025-01-14,HR,CC401,Expense,Bright Systems,71620.9,Card,INV10356,EMP122
TX00036,2025-10-10,IT,CC301,Expense,Bright Systems,67880.68,Card,INV12816,EMP168
TX00037,2025-04-16,Operations,CC101,Revenue,CareMed,150510.74,UPI,INV11636,EMP111
TX00038,2025-03-01,Finance,CC102,Expense,Epsilon Tech,35074.57,UPI,INV11625,EMP133
TX00039,2025-03-09,HR,CC102,Expense,Epsilon Tech,326186.1,Bank Transfer,INV10728,EMP120
TX00040,2025-09-04,Operations,CC401,Revenue,CareMed,97398.78,Bank Transfer,INV10036,EMP111
TX00041,2025-01-23,IT,CC101,Expense,FastLogix,48357.92,Bank Transfer,INV10698,EMP118
TX00042,2025-01-04,HR,CC401,Revenue,Delta Services,96714.53,Card,INV10143,EMP168
TX00043,2025-03-12,Finance,CC301,Expense,Delta Services,56304.46,Cash,INV11062,EMP152
TX00044,2025-10-26,Operations,CC401,Revenue,Epsilon Tech,77126.18,Card,INV11542,EMP145
TX00045,2025-08-10,Finance,CC102,Revenue,Bright Systems,70660.26,Cash,INV11810,EMP160
TX00046,2025-12-22,Sales,CC102,Revenue,FastLogix,91448.41,Bank Transfer,INV10828,EMP138
TX00047,2025-01-03,IT,CC301,Revenue,Delta Services,73769.95,Bank Transfer,INV12719,EMP144
TX00048,2025-05-16,IT,CC201,Revenue,Delta Services,94293.2,Card,INV11396,EMP153
TX00049,2025-06-03,Finance,CC201,Expense,FastLogix,145425.08,Bank Transfer,INV10089,EMP107
TX00050,2025-10-28,Operations,CC301,Expense,Alpha Supplies,27945.46,Card,INV11224,EMP132
TX00051,2025-05-20,IT,CC301,Expense,Epsilon Tech,18711.87,UPI,INV10876,EMP104
TX00052,2025-07-24,Finance,CC501,Revenue,Alpha Supplies,65235.19,Card,INV11633,EMP100
TX00053,2025-05-16,HR,CC101,Expense,Epsilon Tech,107784.81,UPI,INV11168,EMP184
TX00054,2025-09-14,Finance,CC201,Expense,Delta Services,57782.6,Card,INV11823,EMP133
TX00055,2025-12-08,Operations,CC102,Expense,FastLogix,34329.24,UPI,INV10762,EMP156
TX00056,2025-01-16,IT,CC401,Expense,CareMed,79316.97,Bank Transfer,INV10763,EMP137
TX00057,2025-02-02,Operations,CC501,Expense,CareMed,40508.59,Cash,INV11019,EMP129
TX00058,2025-07-10,Sales,CC101,Revenue,Delta Services,115539.06,Bank Transfer,INV12100,EMP165
TX00059,2025-11-11,Sales,CC201,Expense,CareMed,67371.23,Card,INV10359,EMP103
TX00060,2025-08-25,Sales,CC201,Expense,Bright Systems,18008.24,Bank Transfer,INV10681,EMP160
TX00061,2025-06-21,Finance,CC401,Expense,Bright Systems,64394.7,Bank Transfer,INV11753,EMP144
TX00062,2025-11-09,Operations,CC101,Expense,FastLogix,77625.34,Bank Transfer,INV12766,EMP146
TX00063,2025-08-22,Operations,CC301,Expense,Bright Systems,31976.74,Bank Transfer,INV11335,EMP106
TX00064,2025-03-15,Sales,CC301,Expense,Bright Systems,21172.65,Cash,INV12075,EMP173
TX00065,2025-07-25,Finance,CC501,Expense,Delta Services,13883.99,Bank Transfer,INV12072,EMP167
TX00066,2025-10-03,Finance,CC401,Expense,Delta Services,157079.85,Bank Transfer,INV12642,EMP141
TX00067,2025-09-05,HR,CC102,Expense,CareMed,84423.02,UPI,INV11312,EMP152
TX00068,2025-06-21,HR,CC501,Expense,FastLogix,75464.1,UPI,INV11629,EMP150
TX00069,2025-09-02,Sales,CC102,Expense,Delta Services,52395.87,UPI,INV12883,EMP118
TX00070,2025-04-01,HR,CC101,Expense,Alpha Supplies,15690.1,Bank Transfer,INV12892,EMP102
TX00071,2025-01-06,Operations,CC102,Expense,Bright Systems,75474.12,Bank Transfer,INV11619,EMP164
TX00072,2025-05-09,Finance,CC101,Expense,FastLogix,12503.49,UPI,INV10235,EMP149
TX00073,2025-05-24,Sales,CC101,Expense,CareMed,23595.44,Cash,INV12965,EMP159
TX00074,2025-08-11,Finance,CC401,Expense,FastLogix,36134.32,Card,INV12621,EMP103
TX00075,2025-09-13,Operations,CC101,Expense,FastLogix,62785.16,Card,INV11888,EMP122
TX00076,2025-01-25,Finance,CC101,Expense,Bright Systems,79299.94,Bank Transfer,INV11669,EMP166
TX00077,2025-07-19,Operations,CC301,Revenue,Epsilon Tech,116594.84,Cash,INV10950,EMP132
TX00078,2025-04-22,Operations,CC102,Expense,Bright Systems,111186.87,Cash,INV10814,EMP187
TX00079,2025-04-24,IT,CC401,Expense,Delta Services,82270.9,Card,INV10793,EMP142
TX00080,2025-11-05,HR,CC201,Revenue,FastLogix,32482.94,UPI,INV10984,EMP159
TX00081,2025-11-12,HR,CC301,Revenue,Epsilon Tech,58793.83,Card,INV11013,EMP150
TX00082,2025-08-09,Sales,CC101,Expense,Epsilon Tech,63234.76,Bank Transfer,INV12872,EMP100
TX00083,2025-06-23,Sales,CC401,Expense,Epsilon Tech,86864.46,Bank Transfer,INV10574,EMP124
TX00084,2025-10-11,Operations,CC102,Expense,CareMed,32826.36,Bank Transfer,INV10875,EMP150
TX00085,2025-06-24,Finance,CC301,Expense,Alpha Supplies,87278.2,Bank Transfer,INV11492,EMP148
TX00086,2025-07-17,HR,CC101,Expense,FastLogix,11629.56,Card,INV11383,EMP148
TX00087,2025-07-01,IT,CC501,Revenue,CareMed,157023.67,Bank Transfer,INV12065,EMP100
TX00088,2025-03-15,Operations,CC102,Expense,Alpha Supplies,94733.54,Bank Transfer,INV12972,EMP154
TX00089,2025-07-03,Operations,CC102,Revenue,Bright Systems,144150.76,Bank Transfer,INV12007,EMP186
TX00090,2025-11-08,Finance,CC401,Expense,Alpha Supplies,95916.37,Cash,INV12143,EMP187
TX00091,2025-08-14,Sales,CC301,Revenue,FastLogix,53717.9,Bank Transfer,INV12198,EMP184
TX00092,2025-03-16,IT,CC201,Expense,Delta Services,65230.54,Bank Transfer,INV11409,EMP166
TX00093,2025-07-23,HR,CC301,Expense,FastLogix,56118.37,Bank Transfer,INV11076,EMP143
TX00094,2025-03-20,Operations,CC501,Revenue,Alpha Supplies,155276.6,Bank Transfer,INV12573,EMP108
TX00095,2025-08-02,IT,CC101,Expense,FastLogix,24184.52,Cash,INV12657,EMP186
TX00096,2025-05-11,Operations,CC401,Revenue,Alpha Supplies,225096.43,Bank Transfer,INV10341,EMP184
TX00097,2025-11-25,Sales,CC102,Expense,Alpha Supplies,72333.28,Card,INV12969,EMP184
TX00098,2025-12-26,Operations,CC301,Revenue,Alpha Supplies,60052.07,Bank Transfer,INV12723,EMP158
TX00099,2025-07-08,Sales,CC501,Expense,FastLogix,46550.77,Card,INV11762,EMP180
TX00100,2025-11-13,Sales,CC102,Expense,Bright Systems,22047.18,Bank Transfer,INV11040,EMP100
TX00101,2025-09-11,Operations,CC101,Expense,CareMed,39509.48,UPI,INV11040,EMP173
TX00102,2025-09-23,Finance,CC301,Expense,CareMed,31120.52,UPI,INV11750,EMP179
TX00103,2025-06-08,Finance,CC102,Expense,CareMed,76301.79,Card,INV10136,EMP147
TX00104,2025-08-18,Sales,CC401,Expense,FastLogix,52042.77,Card,INV11466,EMP116
TX00105,2025-08-03,HR,CC301,Expense,CareMed,23415.45,Bank Transfer,INV12544,EMP103
TX00106,2025-06-25,IT,CC102,Expense,Epsilon Tech,96213.81,Bank Transfer,INV10310,EMP141
TX00107,2025-02-27,IT,CC401,Expense,CareMed,47289.93,Bank Transfer,INV12424,EMP109
TX00108,2025-09-07,HR,CC401,Revenue,Alpha Supplies,41193.79,Bank Transfer,INV10431,EMP164
TX00109,2025-05-14,Finance,CC101,Expense,Delta Services,25744.28,UPI,INV12108,EMP142
TX00110,2025-12-06,Sales,CC501,Expense,Alpha Supplies,45202.06,UPI,INV11333,EMP173
TX00111,2025-11-02,Finance,CC102,Expense,Bright Systems,49614.41,Bank Transfer,INV11796,EMP153
TX00112,2025-07-17,Finance,CC201,Expense,Alpha Supplies,37839.66,Card,INV12263,EMP102
TX00113,2025-03-06,IT,CC401,Expense,Alpha Supplies,21107.96,UPI,INV11290,EMP155
TX00114,2025-03-27,HR,CC401,Revenue,Alpha Supplies,82390.07,Bank Transfer,INV10037,EMP171
TX00115,2025-11-05,Operations,CC102,Expense,Delta Services,49283.19,Card,INV11889,EMP139
TX00116,2025-11-13,IT,CC101,Revenue,CareMed,64396.76,Bank Transfer,INV12604,EMP188
TX00117,2025-05-10,HR,CC201,Revenue,Epsilon Tech,83896.98,Cash,INV12129,EMP101
TX00118,2025-12-07,Operations,CC401,Expense,Alpha Supplies,52442.92,Bank Transfer,INV12913,EMP159
TX00119,2025-08-13,Sales,CC501,Expense,Bright Systems,91999.33,Bank Transfer,INV12084,EMP121
TX00120,2025-04-20,HR,CC102,Revenue,Alpha Supplies,80915.28,Bank Transfer,INV12257,EMP149
TX00121,2025-12-04,Sales,CC201,Expense,Delta Services,125320.45,Bank Transfer,INV12926,EMP178
TX00122,2025-03-11,Operations,CC102,Expense,Bright Systems,20165.39,Card,INV12931,EMP131
TX00123,2025-02-15,HR,CC501,Expense,CareMed,42962.78,Bank Transfer,INV10988,EMP120
TX00124,2025-05-27,HR,CC501,Revenue,Epsilon Tech,103816.07,Bank Transfer,INV11855,EMP124
TX00125,2025-08-12,Operations,CC301,Expense,Delta Services,56370.96,Cash,INV11709,EMP149
TX00126,2025-04-07,Sales,CC401,Expense,Epsilon Tech,41550.33,UPI,INV12963,EMP145
TX00127,2025-09-14,Finance,CC501,Expense,Delta Services,16219.26,Card,INV12548,EMP101
TX00128,2025-08-08,Sales,CC401,Expense,Epsilon Tech,57914.68,Bank Transfer,INV11389,EMP137
TX00129,2025-11-13,Finance,CC101,Revenue,Alpha Supplies,66958.93,UPI,INV11695,EMP178
TX00130,2025-06-22,HR,CC301,Expense,Bright Systems,54389.41,Bank Transfer,INV12636,EMP125
TX00131,2025-06-07,Operations,CC501,Expense,FastLogix,9522.84,UPI,INV10105,EMP143
TX00132,2025-01-08,Sales,CC401,Revenue,FastLogix,175101.62,UPI,INV11713,EMP161
TX00133,2025-04-15,Sales,CC201,Revenue,Delta Services,115728.94,Bank Transfer,INV10013,EMP174
TX00134,2025-02-22,HR,CC301,Expense,Epsilon Tech,15230.3,Cash,INV12356,EMP154
TX00135,2025-03-12,Operations,CC501,Revenue,FastLogix,70165.68,Bank Transfer,INV10444,EMP153
TX00136,2025-01-07,HR,CC101,Revenue,Bright Systems,28249.67,UPI,INV12199,EMP149
TX00137,2025-01-19,Finance,CC301,Expense,Bright Systems,26076.56,UPI,INV11441,EMP135
TX00138,2025-06-07,Operations,CC201,Expense,FastLogix,19394.7,UPI,INV12914,EMP125
TX00139,2025-08-04,Operations,CC301,Expense,Bright Systems,15350.99,UPI,INV10552,EMP161
TX00140,2025-06-28,IT,CC501,Expense,Alpha Supplies,30533.29,Bank Transfer,INV10027,EMP165
TX00141,2025-03-05,IT,CC101,Revenue,Delta Services,35535.88,Bank Transfer,INV11993,EMP109
TX00142,2025-12-09,Finance,CC401,Expense,CareMed,40430.17,Bank Transfer,INV12933,EMP183
TX00143,2025-12-25,Sales,CC401,Expense,Delta Services,93280.69,Card,INV11742,EMP105
TX00144,2025-12-27,IT,CC301,Expense,Bright Systems,45416.38,Bank Transfer,INV10281,EMP128
TX00145,2025-01-23,Sales,CC501,Expense,CareMed,50348.69,Bank Transfer,INV12740,EMP187
TX00146,2025-11-11,Operations,CC101,Expense,Alpha Supplies,9964.79,Bank Transfer,INV12474,EMP149
TX00147,2025-07-12,HR,CC501,Expense,Bright Systems,68358.69,Bank Transfer,INV11799,EMP128
TX00148,2025-06-05,Operations,CC101,Revenue,Bright Systems,100748.47,Bank Transfer,INV10344,EMP145
TX00149,2025-04-01,Finance,CC201,Revenue,FastLogix,59467.37,UPI,INV10574,EMP172
TX00150,2025-01-09,Finance,CC401,Revenue,Epsilon Tech,106918.32,UPI,INV10018,EMP169
TX00151,2025-02-18,IT,CC101,Expense,Epsilon Tech,28418.35,Bank Transfer,INV10821,EMP170
TX00152,2025-09-21,Finance,CC301,Expense,Epsilon Tech,471480.78,Card,INV12338,EMP143
TX00153,2025-06-26,Sales,CC201,Expense,FastLogix,8416.4,Card,INV11026,EMP184
TX00154,2025-10-08,Operations,CC501,Revenue,Epsilon Tech,36127.13,Card,INV12830,EMP142
TX00155,2025-07-06,Operations,CC301,Revenue,Epsilon Tech,166311.45,UPI,INV11827,EMP174
TX00156,2025-03-15,HR,CC401,Expense,CareMed,47016.62,Bank Transfer,INV11692,EMP127
TX00157,2025-03-08,Operations,CC301,Revenue,Bright Systems,52219.09,Card,INV11062,EMP112
TX00158,2025-07-24,Finance,CC102,Expense,Delta Services,41695.29,Bank Transfer,INV11845,EMP100
TX00159,2025-12-24,IT,CC102,Expense,Epsilon Tech,92898.72,Bank Transfer,INV10520,EMP114
TX00160,2025-10-24,Operations,CC101,Revenue,Alpha Supplies,61397.16,Bank Transfer,INV12904,EMP117
TX00161,2025-03-04,Operations,CC101,Expense,Epsilon Tech,79403.24,Cash,INV11249,EMP132
TX00162,2025-07-21,Finance,CC501,Expense,CareMed,82272.11,Bank Transfer,INV12556,EMP156
TX00163,2025-09-02,Sales,CC401,Expense,Bright Systems,146704.02,Cash,INV12506,EMP123
TX00164,2025-12-14,Sales,CC301,Revenue,Bright Systems,104244.81,Card,INV10072,EMP107
TX00165,2025-01-27,Finance,CC301,Expense,Delta Services,55205.03,Card,INV12428,EMP157
TX00166,2025-03-22,Operations,CC301,Expense,Alpha Supplies,10457.92,Bank Transfer,INV12500,EMP176
TX00167,2025-09-23,Operations,CC501,Expense,Delta Services,31785.09,Card,INV12562,EMP115
TX00168,2025-07-28,Sales,CC501,Revenue,Delta Services,46741.58,Cash,INV10799,EMP132
TX00169,2025-05-16,HR,CC501,Expense,Epsilon Tech,28405.17,UPI,INV12496,EMP174
TX00170,2025-03-20,Operations,CC301,Revenue,FastLogix,104230.97,Bank Transfer,INV10560,EMP141
TX00171,2025-06-18,IT,CC201,Expense,Bright Systems,47954.44,UPI,INV10947,EMP113
TX00172,2025-09-15,IT,CC201,Expense,Bright Systems,72127.93,Card,INV11312,EMP135
TX00173,2025-01-14,IT,CC301,Expense,Alpha Supplies,51621.33,Card,INV12529,EMP107
TX00174,2025-05-02,HR,CC101,Expense,Epsilon Tech,64525.32,Bank Transfer,INV10845,EMP119
TX00175,2025-02-28,IT,CC201,Expense,Delta Services,49604.48,Bank Transfer,INV11540,EMP182
TX00176,2025-02-10,Finance,CC102,Expense,Bright Systems,52503.87,Bank Transfer,INV11122,EMP120
TX00177,2025-09-28,Sales,CC301,Expense,Delta Services,38757.86,UPI,INV11382,EMP151
TX00178,2025-04-04,HR,CC501,Expense,Epsilon Tech,44320.89,Bank Transfer,INV12139,EMP185
TX00179,2025-07-05,IT,CC501,Revenue,Bright Systems,174093.59,Card,INV11911,EMP138
TX00180,2025-05-01,IT,CC401,Revenue,Epsilon Tech,51837.8,Cash,INV12355,EMP154
TX00181,2025-05-26,HR,CC102,Expense,Delta Services,47096.31,UPI,INV11459,EMP128
TX00182,2025-06-10,IT,CC102,Revenue,Alpha Supplies,60948.43,Bank Transfer,INV11120,EMP109
TX00183,2025-02-26,HR,CC401,Revenue,Bright Systems,22237.1,Card,INV12514,EMP168
TX00184,2025-12-01,IT,CC401,Expense,CareMed,87831.49,Bank Transfer,INV10147,EMP120
TX00185,2025-08-26,HR,CC201,Revenue,CareMed,71710.68,Card,INV12567,EMP163
TX00186,2025-10-06,HR,CC101,Expense,Alpha Supplies,36289.7,Card,INV10962,EMP148
TX00187,2025-04-04,Finance,CC101,Revenue,FastLogix,128640.94,Bank Transfer,INV10780,EMP152
TX00188,2025-12-02,Sales,CC102,Expense,Bright Systems,32553.87,Bank Transfer,INV12837,EMP129
TX00189,2025-04-21,HR,CC201,Revenue,Epsilon Tech,107009.97,UPI,INV12196,EMP112
TX00190,2025-05-08,HR,CC201,Expense,FastLogix,56247.67,UPI,INV10769,EMP128
TX00191,2025-05-15,HR,CC201,Revenue,CareMed,53624.31,Cash,INV10514,EMP162
TX00192,2025-06-19,IT,CC501,Revenue,Alpha Supplies,116511.07,Bank Transfer,INV11284,EMP102
TX00193,2025-01-04,Sales,CC102,Expense,Alpha Supplies,115717.53,Bank Transfer,INV12984,EMP112
TX00194,2025-09-20,HR,CC501,Revenue,Bright Systems,58992.58,Bank Transfer,INV12634,EMP115
TX00195,2025-03-23,Sales,CC401,Expense,Epsilon Tech,418129.86,Cash,INV11013,EMP125
TX00196,2025-05-06,IT,CC501,Expense,Epsilon Tech,36776.32,UPI,INV10525,EMP102
TX00197,2025-08-05,Operations,CC301,Expense,FastLogix,20985.62,Card,INV11938,EMP130
TX00198,2025-12-28,Sales,CC101,Expense,CareMed,43169.38,Cash,INV12974,EMP163
TX00199,2025-03-16,IT,CC301,Expense,Alpha Supplies,35872.36,Bank Transfer,INV11651,EMP146
TX00200,2025-11-25,HR,CC501,Expense,Alpha Supplies,46163.62,Card,INV11582,EMP177
TX00201,2025-12-11,Finance,CC102,Expense,Alpha Supplies,150471.29,UPI,INV11794,EMP176
TX00202,2025-11-17,IT,CC501,Expense,Epsilon Tech,36893.92,Card,INV12003,EMP148
TX00203,2025-05-10,IT,CC301,Expense,Delta Services,65279.78,UPI,INV12978,EMP100
TX00204,2025-08-25,HR,CC501,Expense,FastLogix,24227.95,Card,INV10547,EMP184
TX00205,2025-08-12,Operations,CC501,Expense,CareMed,57428.53,Cash,INV10905,EMP179
TX00206,2025-06-10,Finance,CC401,Expense,Alpha Supplies,34137.64,UPI,INV11464,EMP120
TX00207,2025-04-18,Finance,CC201,Expense,Bright Systems,47589.09,Card,INV11495,EMP114
TX00208,2025-07-21,Operations,CC102,Expense,FastLogix,75336.22,Card,INV11938,EMP188
TX00209,2025-05-12,Finance,CC401,Expense,Bright Systems,19765.43,Bank Transfer,INV12374,EMP185
TX00210,2025-07-01,Finance,CC401,Expense,Delta Services,39826.43,Card,INV10965,EMP169
TX00211,2025-02-01,Operations,CC401,Expense,FastLogix,52617.79,Card,INV10097,EMP115
TX00212,2025-03-07,HR,CC501,Revenue,Bright Systems,89928.86,Cash,INV10883,EMP185
TX00213,2025-08-08,IT,CC501,Expense,FastLogix,39923.31,Cash,INV10446,EMP165
TX00214,2025-09-24,Sales,CC301,Expense,Delta Services,15153.74,Bank Transfer,INV11814,EMP188
TX00215,2025-11-18,Sales,CC201,Expense,CareMed,51407.03,Cash,INV12211,EMP184
TX00216,2025-08-23,Finance,CC501,Expense,Bright Systems,16920.64,Card,INV12433,EMP106
TX00217,2025-03-13,Sales,CC201,Expense,FastLogix,38816.78,UPI,INV11915,EMP147
TX00218,2025-11-05,HR,CC501,Expense,FastLogix,37085.95,Bank Transfer,INV11930,EMP145
TX00219,2025-07-16,Finance,CC401,Revenue,Epsilon Tech,56286.63,Bank Transfer,INV12243,EMP124
TX00220,2025-04-02,Operations,CC501,Expense,CareMed,59498.63,UPI,INV11395,EMP149
TX00221,2025-06-19,HR,CC301,Revenue,Bright Systems,169475.26,UPI,INV10475,EMP129
TX00222,2025-10-16,IT,CC301,Revenue,FastLogix,194804.74,Bank Transfer,INV11098,EMP156
TX00223,2025-07-16,Finance,CC401,Revenue,FastLogix,98309.68,Bank Transfer,INV10935,EMP127
TX00224,2025-07-06,Finance,CC301,Expense,CareMed,51811.44,Bank Transfer,INV12274,EMP156
TX00225,2025-05-21,HR,CC501,Revenue,Alpha Supplies,125532.55,UPI,INV12266,EMP122
TX00226,2025-11-27,Operations,CC501,Expense,Delta Services,88564.86,Bank Transfer,INV11682,EMP129
TX00227,2025-11-20,Finance,CC101,Expense,FastLogix,41769.52,Bank Transfer,INV12994,EMP102
TX00228,2025-10-19,Finance,CC301,Expense,FastLogix,61492.46,Bank Transfer,INV11398,EMP118
TX00229,2025-04-14,IT,CC401,Expense,Alpha Supplies,11175.29,Bank Transfer,INV12381,EMP140
TX00230,2025-04-27,HR,CC301,Revenue,Alpha Supplies,121124.41,Bank Transfer,INV12315,EMP134
TX00231,2025-11-14,Operations,CC401,Expense,Epsilon Tech,149342.2,Bank Transfer,INV12044,EMP172
TX00232,2025-09-04,Sales,CC101,Expense,Alpha Supplies,22024.31,Bank Transfer,INV10405,EMP120
TX00233,2025-03-06,HR,CC101,Revenue,Delta Services,75375.32,UPI,INV11515,EMP165
TX00234,2025-08-02,Sales,CC101,Expense,FastLogix,34690.46,Bank Transfer,INV11936,EMP160
TX00235,2025-12-06,Operations,CC201,Expense,Delta Services,5623.73,Card,INV10141,EMP134
TX00236,2025-04-24,Finance,CC401,Expense,Alpha Supplies,15565.12,Bank Transfer,INV10554,EMP119
TX00237,2025-12-01,Operations,CC401,Expense,FastLogix,34552.02,UPI,INV10816,EMP140
TX00238,2025-01-24,IT,CC201,Revenue,Alpha Supplies,78320.38,UPI,INV10000,EMP139
TX00239,2025-12-19,HR,CC401,Revenue,Delta Services,151809.52,Cash,INV10858,EMP145
TX00240,2025-07-13,Finance,CC301,Expense,Bright Systems,24591.82,UPI,INV10419,EMP181
TX00241,2025-05-19,HR,CC301,Revenue,Delta Services,63938.23,Card,INV12497,EMP150
TX00242,2025-11-13,Operations,CC501,Expense,FastLogix,62536.68,Card,INV10386,EMP115
TX00243,2025-08-02,Finance,CC101,Expense,CareMed,22829.97,Bank Transfer,INV11998,EMP189
TX00244,2025-05-21,Finance,CC101,Revenue,Alpha Supplies,64025.41,Cash,INV12120,EMP152
TX00245,2025-06-26,HR,CC301,Revenue,CareMed,40244.05,UPI,INV12719,EMP156
TX00246,2025-06-04,HR,CC101,Expense,Bright Systems,40934.05,UPI,INV12606,EMP119
TX00247,2025-03-10,HR,CC102,Expense,CareMed,20420.54,Cash,INV12442,EMP148
TX00248,2025-01-06,IT,CC102,Revenue,Delta Services,98626.83,Bank Transfer,INV10442,EMP166
TX00249,2025-11-13,HR,CC102,Expense,FastLogix,43765.22,Bank Transfer,INV12172,EMP114
TX00250,2025-05-10,IT,CC102,Expense,Bright Systems,73061.98,Card,INV12693,EMP167
TX00251,2025-02-28,Finance,CC101,Expense,CareMed,44914.55,Bank Transfer,INV10067,EMP168
TX00252,2025-05-09,Finance,CC401,Expense,FastLogix,62399.48,UPI,INV12946,EMP141
TX00253,2025-02-13,Sales,CC102,Expense,FastLogix,22124.78,Card,INV11627,EMP162
TX00254,2025-08-03,IT,CC102,Expense,CareMed,73446.55,Cash,INV12151,EMP185
TX00255,2025-09-24,Operations,CC201,Expense,Epsilon Tech,50535.47,UPI,INV12046,EMP163
TX00256,2025-11-21,Operations,CC201,Expense,Delta Services,45554.48,Cash,INV11510,EMP104
TX00257,2025-01-24,HR,CC101,Revenue,Delta Services,93055.95,Bank Transfer,INV11251,EMP174
TX00258,2025-01-24,Sales,CC201,Revenue,CareMed,102774.09,UPI,INV12046,EMP103
TX00259,2025-07-13,Sales,CC101,Expense,Epsilon Tech,91069.03,Bank Transfer,INV11346,EMP158
TX00260,2025-05-13,IT,CC102,Expense,Epsilon Tech,42237.6,UPI,INV12953,EMP141
TX00261,2025-05-16,HR,CC102,Expense,CareMed,81820.21,Bank Transfer,INV11088,EMP135
TX00262,2025-09-05,Finance,CC401,Expense,Epsilon Tech,64716.25,UPI,INV10256,EMP135
TX00263,2025-03-02,Finance,CC102,Expense,Delta Services,30763.43,Bank Transfer,INV10187,EMP176
TX00264,2025-02-13,IT,CC201,Expense,Bright Systems,43876.12,Card,INV12369,EMP165
TX00265,2025-10-13,HR,CC102,Expense,FastLogix,35485.35,Card,INV12368,EMP116
TX00266,2025-09-21,IT,CC401,Expense,CareMed,30273.22,Bank Transfer,INV12384,EMP154
TX00267,2025-07-10,Operations,CC301,Expense,Delta Services,61617.99,Bank Transfer,INV10052,EMP123
TX00268,2025-06-04,IT,CC201,Revenue,Bright Systems,120954.92,Bank Transfer,INV11464,EMP125
TX00269,2025-02-22,Finance,CC102,Expense,FastLogix,76052.04,Cash,INV11180,EMP127
TX00270,2025-11-25,Finance,CC201,Expense,CareMed,54365.98,UPI,INV11106,EMP148
TX00271,2025-06-16,HR,CC201,Expense,Bright Systems,86382.75,Card,INV12010,EMP188
TX00272,2025-08-23,Operations,CC401,Revenue,Epsilon Tech,57388.85,UPI,INV11736,EMP120
TX00273,2025-04-19,Sales,CC301,Revenue,Alpha Supplies,85813.12,Card,INV11681,EMP177
TX00274,2025-03-12,Finance,CC301,Revenue,Epsilon Tech,77181.4,Card,INV11482,EMP153
TX00275,2025-08-22,Finance,CC301,Expense,Epsilon Tech,45164.25,Bank Transfer,INV11051,EMP169
TX00276,2025-12-12,IT,CC301,Revenue,FastLogix,148492.55,Card,INV12100,EMP173
TX00277,2025-05-06,Operations,CC501,Revenue,FastLogix,15582.42,Card,INV10540,EMP142
TX00278,2025-09-04,Operations,CC301,Expense,Alpha Supplies,42601.06,Cash,INV12512,EMP157
TX00279,2025-12-27,IT,CC102,Revenue,FastLogix,71031.12,Bank Transfer,INV12102,EMP157
TX00280,2025-07-20,Finance,CC501,Expense,CareMed,67552.54,Card,INV12207,EMP174
TX00281,2025-08-01,Finance,CC401,Expense,Delta Services,133544.48,Cash,INV12204,EMP127
TX00282,2025-12-23,HR,CC102,Expense,Alpha Supplies,53734.57,Card,INV12587,EMP121
TX00283,2025-09-17,Sales,CC102,Expense,Bright Systems,14741.52,UPI,INV12554,EMP144
TX00284,2025-03-11,IT,CC401,Expense,Delta Services,111058.78,Bank Transfer,INV12611,EMP187
TX00285,2025-06-28,Finance,CC101,Expense,Bright Systems,23917.93,Bank Transfer,INV11843,EMP174
TX00286,2025-08-22,Finance,CC102,Expense,Bright Systems,48111.87,Bank Transfer,INV12645,EMP161
TX00287,2025-02-14,Operations,CC501,Expense,FastLogix,14309.59,UPI,INV12567,EMP143
TX00288,2025-11-12,Finance,CC101,Revenue,Epsilon Tech,123391.73,Card,INV11275,EMP147
TX00289,2025-08-27,Operations,CC501,Expense,CareMed,76491.89,Bank Transfer,INV12001,EMP125
TX00290,2025-06-04,HR,CC201,Revenue,Epsilon Tech,92949.87,Cash,INV12409,EMP107
TX00291,2025-04-15,Finance,CC201,Expense,CareMed,66856.21,Cash,INV12140,EMP185
TX00292,2025-12-09,IT,CC102,Revenue,Delta Services,123757.78,Cash,INV11626,EMP121
TX00293,2025-05-27,Finance,CC401,Expense,Epsilon Tech,47788.67,Card,INV10979,EMP119
TX00294,2025-05-03,Sales,CC101,Expense,Bright Systems,68442.67,Cash,INV10115,EMP183
TX00295,2025-05-27,Operations,CC301,Revenue,Alpha Supplies,53163.87,Bank Transfer,INV11424,EMP121
TX00296,2025-02-24,IT,CC101,Revenue,Epsilon Tech,199672.25,UPI,INV11132,EMP159
TX00297,2025-07-15,Operations,CC401,Expense,Delta Services,17209.31,Bank Transfer,INV10111,EMP145
TX00298,2025-12-14,Finance,CC201,Expense,CareMed,54557.73,Bank Transfer,INV10039,EMP162
TX00299,2025-04-02,IT,CC102,Revenue,Bright Systems,151848.29,Bank Transfer,INV10253,EMP152
TX00300,2025-09-25,IT,CC101,Expense,FastLogix,29548.85,Bank Transfer,INV11714,EMP185
TX00301,2025-04-28,HR,CC501,Revenue,Delta Services,80136.33,Bank Transfer,INV12584,EMP126
TX00302,2025-03-14,Finance,CC501,Expense,FastLogix,89626.95,Bank Transfer,INV11045,EMP184
TX00303,2025-06-21,Finance,CC201,Expense,Bright Systems,27494.04,Card,INV10009,EMP185
TX00304,2025-09-17,HR,CC301,Expense,CareMed,65055.08,Bank Transfer,INV11856,EMP162
TX00305,2025-09-19,HR,CC101,Revenue,Bright Systems,148060.29,Card,INV10166,EMP156
TX00306,2025-01-02,Sales,CC101,Expense,Epsilon Tech,69444.94,Bank Transfer,INV10560,EMP175
TX00307,2025-07-01,Finance,CC201,Expense,Delta Services,22139.38,Cash,INV11937,EMP182
TX00308,2025-11-20,Sales,CC501,Revenue,FastLogix,314908.91,Card,INV12240,EMP168
TX00309,2025-11-16,IT,CC501,Expense,Delta Services,61452.96,Card,INV12475,EMP122
TX00310,2025-02-24,Sales,CC101,Revenue,FastLogix,162784.91,Bank Transfer,INV10463,EMP171
TX00311,2025-12-01,Finance,CC301,Expense,CareMed,56095.96,Bank Transfer,INV12949,EMP104
TX00312,2025-09-28,IT,CC501,Expense,Alpha Supplies,33910.42,Bank Transfer,INV11473,EMP146
TX00313,2025-07-04,Finance,CC401,Revenue,FastLogix,116246.29,Bank Transfer,INV12878,EMP173
TX00314,2025-09-25,Operations,CC501,Expense,Alpha Supplies,98936.73,Card,INV11435,EMP161
TX00315,2025-09-05,Operations,CC102,Expense,Alpha Supplies,22237.72,Bank Transfer,INV11826,EMP179
TX00316,2025-02-28,Operations,CC501,Revenue,CareMed,86196.02,Card,INV12414,EMP165
TX00317,2025-05-02,Sales,CC501,Expense,Bright Systems,29728.44,Card,INV10744,EMP158
TX00318,2025-04-27,HR,CC102,Revenue,Alpha Supplies,51417.51,UPI,INV12964,EMP121
TX00319,2025-04-02,Finance,CC401,Expense,Alpha Supplies,68673.37,UPI,INV12093,EMP131
TX00320,2025-06-16,Finance,CC102,Expense,FastLogix,43369.75,UPI,INV11364,EMP124
TX00321,2025-12-15,HR,CC401,Expense,CareMed,48466.15,Card,INV12217,EMP149
TX00322,2025-04-13,Finance,CC401,Revenue,Delta Services,59033.01,Bank Transfer,INV12343,EMP174
TX00323,2025-02-03,Operations,CC101,Expense,Bright Systems,30428.97,Bank Transfer,INV11361,EMP137
TX00324,2025-03-04,Sales,CC401,Revenue,CareMed,128304.79,Bank Transfer,INV10489,EMP180
TX00325,2025-09-06,Sales,CC101,Expense,Delta Services,75976.37,Cash,INV12900,EMP101
TX00326,2025-10-11,Sales,CC301,Revenue,Delta Services,111243.47,Cash,INV12559,EMP110
TX00327,2025-10-25,IT,CC301,Expense,Epsilon Tech,35241.95,Bank Transfer,INV10822,EMP102
TX00328,2025-06-18,Finance,CC101,Revenue,Epsilon Tech,50386.48,Card,INV10802,EMP167
TX00329,2025-05-01,HR,CC301,Expense,Bright Systems,8529.03,UPI,INV12200,EMP154
TX00330,2025-07-05,HR,CC501,Expense,Bright Systems,65427.26,Bank Transfer,INV12928,EMP184
TX00331,2025-09-06,Sales,CC401,Expense,FastLogix,104361.63,Bank Transfer,INV12461,EMP156
TX00332,2025-06-09,IT,CC401,Expense,FastLogix,51189.02,Card,INV11068,EMP116
TX00333,2025-07-08,IT,CC102,Expense,Delta Services,19905.21,Bank Transfer,INV12282,EMP131
TX00334,2025-10-19,Operations,CC102,Expense,CareMed,49632.9,Card,INV12253,EMP138
TX00335,2025-07-15,Sales,CC501,Expense,Delta Services,56007.02,Cash,INV10018,EMP166
TX00336,2025-10-08,Operations,CC101,Expense,Bright Systems,49132.62,UPI,INV12977,EMP147
TX00337,2025-01-21,IT,CC401,Expense,Bright Systems,23876.58,Card,INV11337,EMP148
TX00338,2025-07-21,Finance,CC101,Expense,CareMed,48958.72,Card,INV12588,EMP131
TX00339,2025-10-28,Finance,CC501,Revenue,Alpha Supplies,86991.02,Bank Transfer,INV11222,EMP177
TX00340,2025-03-19,Operations,CC101,Revenue,CareMed,82489.82,Bank Transfer,INV10193,EMP107
TX00341,2025-06-06,HR,CC101,Revenue,Delta Services,559862.04,UPI,INV10531,EMP163
TX00342,2025-11-10,IT,CC201,Expense,FastLogix,71829.99,Bank Transfer,INV11907,EMP174
TX00343,2025-10-11,Sales,CC501,Expense,FastLogix,106456.2,Bank Transfer,INV10670,EMP160
TX00344,2025-08-15,Finance,CC301,Revenue,Bright Systems,296401.26,Cash,INV12532,EMP182
TX00345,2025-12-27,HR,CC101,Expense,FastLogix,59243.14,Card,INV10857,EMP135
TX00346,2025-10-05,IT,CC501,Revenue,Delta Services,52043.51,Bank Transfer,INV10954,EMP101
TX00347,2025-12-10,HR,CC201,Expense,Alpha Supplies,80988.67,Bank Transfer,INV10370,EMP189
TX00348,2025-07-18,Finance,CC501,Expense,CareMed,53230.27,Bank Transfer,INV10155,EMP120
TX00349,2025-10-14,IT,CC201,Expense,FastLogix,66167.85,Cash,INV11230,EMP103
TX00350,2025-07-23,HR,CC102,Expense,Delta Services,36913.31,Bank Transfer,INV12940,EMP120
TX00351,2025-03-15,IT,CC301,Expense,Bright Systems,34577.33,Bank Transfer,INV10365,EMP158
TX00352,2025-08-08,IT,CC401,Revenue,Bright Systems,122907.91,UPI,INV11675,EMP142
TX00353,2025-11-10,Sales,CC401,Expense,Epsilon Tech,53241.13,UPI,INV10949,EMP174
TX00354,2025-12-16,IT,CC201,Expense,FastLogix,46031.27,Cash,INV11951,EMP154
TX00355,2025-11-26,Sales,CC201,Expense,Epsilon Tech,13970.62,Card,INV10018,EMP142
TX00356,2025-02-10,IT,CC201,Expense,CareMed,16387.16,Bank Transfer,INV10993,EMP154
TX00357,2025-12-05,Sales,CC401,Revenue,Delta Services,90784.25,Card,INV10287,EMP110
TX00358,2025-02-27,Operations,CC201,Expense,Epsilon Tech,52778.34,Bank Transfer,INV10917,EMP182
TX00359,2025-01-07,HR,CC101,Expense,Delta Services,35076.38,Card,INV12768,EMP145
TX00360,2025-02-20,Operations,CC101,Expense,CareMed,10016.22,UPI,INV10089,EMP112
TX00361,2025-02-05,Finance,CC501,Expense,FastLogix,9436.98,Card,INV11959,EMP142
TX00362,2025-06-20,IT,CC102,Expense,Delta Services,21846.56,UPI,INV10943,EMP126
TX00363,2025-05-23,Finance,CC201,Expense,Epsilon Tech,68729.09,Card,INV12678,EMP156
TX00364,2025-08-15,IT,CC501,Expense,Delta Services,58806.72,Bank Transfer,INV11546,EMP149
TX00365,2025-07-12,Operations,CC102,Expense,Bright Systems,57649.37,Bank Transfer,INV10563,EMP114
TX00366,2025-05-20,Sales,CC401,Revenue,Delta Services,63947.16,Bank Transfer,INV11083,EMP109
TX00367,2025-07-28,Finance,CC301,Expense,Delta Services,67700.59,Bank Transfer,INV12430,EMP187
TX00368,2025-08-23,Operations,CC201,Expense,FastLogix,33408.79,Card,INV11447,EMP123
TX00369,2025-03-12,HR,CC501,Revenue,Alpha Supplies,74077.64,Bank Transfer,INV10776,EMP121
TX00370,2025-09-16,Operations,CC201,Revenue,Alpha Supplies,135910.97,UPI,INV12440,EMP139
TX00371,2025-04-26,Sales,CC401,Expense,Alpha Supplies,16475.1,UPI,INV12959,EMP154
TX00372,2025-07-04,Sales,CC101,Expense,Epsilon Tech,118874.96,UPI,INV10309,EMP103
TX00373,2025-12-07,Finance,CC401,Expense,FastLogix,50216.63,UPI,INV10052,EMP166
TX00374,2025-12-03,IT,CC501,Revenue,FastLogix,213743.13,Cash,INV11567,EMP109
TX00375,2025-03-27,HR,CC101,Revenue,Epsilon Tech,116836.42,Bank Transfer,INV12809,EMP183
TX00376,2025-07-22,HR,CC401,Expense,Bright Systems,392993.88,Bank Transfer,INV10480,EMP100
TX00377,2025-01-24,Operations,CC102,Revenue,FastLogix,131982.11,Cash,INV10912,EMP129
TX00378,2025-07-13,Operations,CC401,Revenue,Bright Systems,98596.48,UPI,INV12761,EMP152
TX00379,2025-07-20,Finance,CC101,Expense,FastLogix,69724.06,Bank Transfer,INV12187,EMP177
TX00380,2025-09-25,Sales,CC501,Expense,CareMed,73881.97,Bank Transfer,INV10138,EMP142
TX00381,2025-01-01,Operations,CC401,Revenue,FastLogix,49795.41,Bank Transfer,INV11968,EMP110
TX00382,2025-08-17,IT,CC201,Expense,CareMed,93003.62,Bank Transfer,INV11051,EMP165
TX00383,2025-06-23,IT,CC201,Expense,FastLogix,117466.15,Bank Transfer,INV12105,EMP112
TX00384,2025-04-26,Finance,CC101,Expense,Delta Services,32345.48,Bank Transfer,INV10209,EMP147
TX00385,2025-08-01,HR,CC102,Revenue,Delta Services,135395.77,Bank Transfer,INV12796,EMP124
TX00386,2025-02-03,Operations,CC501,Expense,Alpha Supplies,24442.12,Cash,INV10151,EMP104
TX00387,2025-03-26,Sales,CC101,Expense,Delta Services,37301.35,UPI,INV10433,EMP183
TX00388,2025-12-23,HR,CC101,Expense,Bright Systems,66975.28,Bank Transfer,INV10984,EMP183
TX00389,2025-01-20,IT,CC501,Expense,Delta Services,46181.51,Card,INV11325,EMP124
TX00390,2025-05-24,Finance,CC102,Expense,Alpha Supplies,11564.26,Bank Transfer,INV10470,EMP167
TX00391,2025-11-18,IT,CC301,Revenue,CareMed,24402.74,Bank Transfer,INV10191,EMP104
TX00392,2025-10-13,IT,CC401,Expense,Epsilon Tech,17122.31,Cash,INV10359,EMP159
TX00393,2025-03-11,HR,CC301,Expense,Bright Systems,62226.98,Cash,INV10959,EMP160
TX00394,2025-06-28,Operations,CC501,Expense,Bright Systems,10925.68,Bank Transfer,INV11611,EMP100
TX00395,2025-07-22,IT,CC101,Expense,Bright Systems,26891.51,UPI,INV11232,EMP121
TX00396,2025-06-03,IT,CC501,Revenue,Alpha Supplies,101441.14,UPI,INV10162,EMP113
TX00397,2025-08-15,IT,CC201,Revenue,Epsilon Tech,102901.2,UPI,INV10985,EMP119
TX00398,2025-06-06,Sales,CC102,Revenue,Alpha Supplies,59803.27,Bank Transfer,INV12466,EMP180
TX00399,2025-03-19,HR,CC301,Expense,Bright Systems,60857.25,Bank Transfer,INV12410,EMP149
TX00400,2025-01-03,HR,CC401,Expense,FastLogix,61698.39,Bank Transfer,INV12045,EMP167
TX00401,2025-08-27,HR,CC501,Expense,Bright Systems,15827.47,Cash,INV12248,EMP144
TX00402,2025-02-08,HR,CC201,Expense,Epsilon Tech,58086.98,Bank Transfer,INV11481,EMP117
TX00403,2025-02-05,IT,CC401,Expense,Bright Systems,39747.18,Card,INV11657,EMP103
TX00404,2025-07-06,Operations,CC102,Expense,Bright Systems,56513.67,Bank Transfer,INV11235,EMP105
TX00405,2025-08-27,Sales,CC102,Expense,Alpha Supplies,22998.1,Bank Transfer,INV12463,EMP185
TX00406,2025-08-06,Sales,CC501,Expense,FastLogix,92307.34,Bank Transfer,INV12810,EMP102
TX00407,2025-09-28,HR,CC501,Expense,Alpha Supplies,24884.26,UPI,INV11092,EMP146
TX00408,2025-04-23,Finance,CC301,Expense,Alpha Supplies,31896.87,Cash,INV11337,EMP140
TX00409,2025-09-14,Sales,CC301,Expense,Bright Systems,37833.06,UPI,INV10809,EMP181
TX00410,2025-06-27,Sales,CC101,Expense,CareMed,34579.98,Card,INV12309,EMP156
TX00411,2025-12-11,Operations,CC301,Expense,Delta Services,49225.0,Cash,INV12119,EMP106
TX00412,2025-07-14,HR,CC301,Expense,CareMed,62234.55,Bank Transfer,INV10375,EMP135
TX00413,2025-05-08,IT,CC102,Expense,Delta Services,52289.41,Bank Transfer,INV11805,EMP173
TX00414,2025-07-13,HR,CC301,Revenue,Epsilon Tech,127813.78,Card,INV10063,EMP136
TX00415,2025-11-23,HR,CC401,Expense,FastLogix,6601.31,Bank Transfer,INV10223,EMP115
TX00416,2025-02-05,HR,CC501,Expense,Bright Systems,65151.47,UPI,INV11390,EMP135
TX00417,2025-09-07,Sales,CC201,Expense,Delta Services,21721.71,UPI,INV11032,EMP131
TX00418,2025-04-18,Operations,CC401,Expense,FastLogix,27396.01,UPI,INV12636,EMP141
TX00419,2025-09-10,HR,CC201,Expense,CareMed,50094.63,UPI,INV11362,EMP152
TX00420,2025-02-27,HR,CC102,Expense,Delta Services,48266.34,Bank Transfer,INV10926,EMP187
TX00421,2025-01-11,IT,CC301,Expense,Bright Systems,140191.94,Card,INV11371,EMP164
TX00422,2025-12-21,Operations,CC102,Expense,Delta Services,35875.31,Card,INV10655,EMP101
TX00423,2025-12-22,HR,CC501,Expense,Epsilon Tech,79394.98,UPI,INV11760,EMP176
TX00424,2025-08-09,Operations,CC401,Expense,Epsilon Tech,86947.0,Cash,INV12209,EMP131
TX00425,2025-10-25,Operations,CC301,Expense,Delta Services,58215.38,Card,INV12552,EMP147
TX00426,2025-04-07,HR,CC102,Expense,Delta Services,46285.07,Cash,INV10526,EMP111
TX00427,2025-05-28,HR,CC401,Expense,Epsilon Tech,122143.44,Bank Transfer,INV11751,EMP113
TX00428,2025-02-26,HR,CC501,Expense,Delta Services,14762.58,Card,INV12341,EMP166
TX00429,2025-07-13,Sales,CC201,Revenue,Epsilon Tech,80733.94,Bank Transfer,INV12364,EMP170
TX00430,2025-12-17,Finance,CC501,Revenue,Bright Systems,106155.71,Bank Transfer,INV10042,EMP130
TX00431,2025-03-17,HR,CC201,Expense,FastLogix,449477.88,UPI,INV12298,EMP183
TX00432,2025-03-05,Finance,CC401,Expense,Alpha Supplies,22612.64,Bank Transfer,INV10640,EMP183
TX00433,2025-12-23,Sales,CC501,Expense,Epsilon Tech,45392.26,Card,INV10128,EMP180
TX00434,2025-02-20,IT,CC201,Expense,Delta Services,82839.18,Card,INV12259,EMP119
TX00435,2025-09-07,HR,CC201,Expense,FastLogix,51549.13,Cash,INV11499,EMP151
TX00436,2025-05-13,Sales,CC201,Expense,Bright Systems,43137.44,Bank Transfer,INV10298,EMP176
TX00437,2025-12-09,HR,CC201,Revenue,CareMed,249715.31,UPI,INV12853,EMP142
TX00438,2025-03-06,HR,CC501,Expense,Delta Services,111537.59,Card,INV11944,EMP111
TX00439,2025-10-06,HR,CC201,Revenue,Epsilon Tech,74895.57,Cash,INV12163,EMP103
TX00440,2025-11-17,Operations,CC201,Expense,Alpha Supplies,43570.99,Bank Transfer,INV10746,EMP156
TX00441,2025-10-25,IT,CC201,Expense,FastLogix,62766.11,Card,INV12547,EMP144
TX00442,2025-08-25,Sales,CC501,Expense,Epsilon Tech,24577.4,Card,INV10421,EMP163
TX00443,2025-07-25,Operations,CC501,Expense,Alpha Supplies,45759.43,Card,INV10741,EMP151
TX00444,2025-01-01,HR,CC401,Expense,Delta Services,20740.86,Bank Transfer,INV10729,EMP103
TX00445,2025-01-07,Operations,CC101,Expense,Epsilon Tech,26987.86,Card,INV11567,EMP177
TX00446,2025-09-18,HR,CC301,Revenue,CareMed,222230.53,UPI,INV12589,EMP129
TX00447,2025-06-11,Operations,CC301,Revenue,Delta Services,101346.7,UPI,INV12646,EMP189
TX00448,2025-06-06,HR,CC501,Expense,Bright Systems,45152.78,UPI,INV12080,EMP173
TX00449,2025-05-12,Sales,CC101,Revenue,Delta Services,138314.78,Card,INV10171,EMP153
TX00450,2025-02-03,Sales,CC102,Expense,Epsilon Tech,40633.77,Bank Transfer,INV11121,EMP187
TX00451,2025-06-02,HR,CC501,Expense,Alpha Supplies,18047.82,Bank Transfer,INV11886,EMP113
TX00452,2025-07-28,HR,CC201,Expense,Alpha Supplies,64215.48,UPI,INV10889,EMP114
TX00453,2025-07-27,Sales,CC201,Revenue,Epsilon Tech,85690.46,Cash,INV10903,EMP107
TX00454,2025-07-26,HR,CC301,Expense,CareMed,33335.33,Card,INV11356,EMP166
TX00455,2025-09-28,IT,CC401,Expense,FastLogix,4649.46,Card,INV11735,EMP155
TX00456,2025-01-25,Operations,CC301,Revenue,Delta Services,33496.64,UPI,INV12030,EMP168
TX00457,2025-11-25,Operations,CC501,Expense,FastLogix,51602.04,Card,INV11342,EMP156
TX00458,2025-12-19,Sales,CC101,Expense,Delta Services,38389.81,Bank Transfer,INV12969,EMP107
TX00459,2025-06-16,IT,CC401,Expense,Delta Services,49742.78,Cash,INV11089,EMP173
TX00460,2025-07-13,Operations,CC301,Expense,Bright Systems,105295.23,Bank Transfer,INV12585,EMP113
TX00461,2025-06-13,HR,CC101,Expense,CareMed,95863.28,Bank Transfer,INV11873,EMP175
TX00462,2025-07-28,HR,CC301,Expense,CareMed,28943.25,UPI,INV11634,EMP139
TX00463,2025-06-13,HR,CC501,Expense,Delta Services,49140.79,Bank Transfer,INV12887,EMP154
TX00464,2025-07-22,IT,CC102,Revenue,Alpha Supplies,48601.21,Cash,INV11375,EMP129
TX00465,2025-11-18,Finance,CC401,Expense,CareMed,17534.35,Bank Transfer,INV10681,EMP106
TX00466,2025-02-16,HR,CC201,Expense,Alpha Supplies,58659.82,Bank Transfer,INV12580,EMP189
TX00467,2025-08-16,IT,CC401,Expense,Delta Services,34011.87,Card,INV11560,EMP157
TX00468,2025-02-09,Sales,CC101,Expense,FastLogix,15090.21,Card,INV11191,EMP102
TX00469,2025-07-21,Sales,CC101,Expense,Bright Systems,26317.0,Bank Transfer,INV12048,EMP124
TX00470,2025-01-28,Sales,CC102,Revenue,Bright Systems,114499.98,Bank Transfer,INV10480,EMP133
TX00471,2025-12-08,Operations,CC102,Expense,Epsilon Tech,93584.12,Bank Transfer,INV11887,EMP147
TX00472,2025-11-07,Operations,CC102,Expense,Delta Services,40907.8,Card,INV10515,EMP162
TX00473,2025-08-09,IT,CC101,Expense,Alpha Supplies,49226.28,Bank Transfer,INV11092,EMP104
TX00474,2025-04-15,Operations,CC102,Revenue,Delta Services,75325.69,UPI,INV11140,EMP110
TX00475,2025-03-05,IT,CC102,Revenue,Epsilon Tech,133024.08,Bank Transfer,INV10571,EMP122
TX00476,2025-07-08,IT,CC401,Expense,CareMed,36074.47,Bank Transfer,INV12712,EMP112
TX00477,2025-10-07,HR,CC102,Revenue,CareMed,215832.99,Bank Transfer,INV11850,EMP159
TX00478,2025-03-15,Finance,CC301,Revenue,Delta Services,76371.93,Bank Transfer,INV12514,EMP148
TX00479,2025-09-16,Sales,CC102,Expense,Delta Services,59719.89,Card,INV12220,EMP176
TX00480,2025-07-27,Operations,CC102,Expense,FastLogix,58417.8,Bank Transfer,INV11872,EMP145
TX00481,2025-08-11,Operations,CC201,Expense,Delta Services,52288.8,UPI,INV12125,EMP150
TX00482,2025-10-16,IT,CC501,Expense,FastLogix,81578.74,Cash,INV12716,EMP162
TX00483,2025-08-24,HR,CC201,Revenue,FastLogix,88751.49,UPI,INV11321,EMP132
TX00484,2025-02-04,IT,CC101,Expense,Alpha Supplies,46770.53,UPI,INV12271,EMP102
TX00485,2025-04-15,Sales,CC301,Expense,Epsilon Tech,28509.6,Bank Transfer,INV11358,EMP178
TX00486,2025-06-27,Operations,CC301,Expense,CareMed,36590.04,UPI,INV10983,EMP160
TX00487,2025-04-17,IT,CC101,Expense,Delta Services,19241.83,Card,INV12812,EMP124
TX00488,2025-06-14,Sales,CC501,Expense,Epsilon Tech,51245.06,Card,INV10339,EMP184
TX00489,2025-05-22,Sales,CC401,Revenue,Bright Systems,112354.36,UPI,INV11958,EMP105
TX00490,2025-01-07,Finance,CC401,Expense,CareMed,17352.14,UPI,INV12879,EMP185
TX00491,2025-06-02,IT,CC501,Revenue,Alpha Supplies,86043.96,Card,INV11706,EMP158
TX00492,2025-01-28,Operations,CC101,Revenue,Delta Services,165672.95,Bank Transfer,INV10294,EMP160
TX00493,2025-10-17,Operations,CC501,Expense,Bright Systems,35993.61,Bank Transfer,INV12118,EMP117
TX00494,2025-10-07,Operations,CC101,Revenue,Alpha Supplies,169297.78,Bank Transfer,INV12738,EMP169
TX00495,2025-04-24,Sales,CC501,Revenue,FastLogix,59896.2,Card,INV10950,EMP159
TX00496,2025-03-22,Sales,CC301,Revenue,CareMed,77527.87,Bank Transfer,INV10272,EMP137
TX00497,2025-07-25,Sales,CC201,Expense,Bright Systems,53521.26,UPI,INV12266,EMP120
TX00498,2025-05-16,HR,CC201,Revenue,Bright Systems,84022.62,Bank Transfer,INV12861,EMP167
TX00499,2025-07-19,Operations,CC102,Expense,Alpha Supplies,54508.04,Cash,INV12847,EMP183
TX00500,2025-01-22,IT,CC102,Expense,Bright Systems,31937.21,Bank Transfer,INV11067,EMP126
TX00501,2025-10-01,HR,CC401,Revenue,CareMed,112369.59,UPI,INV11357,EMP128
TX00502,2025-10-03,Sales,CC401,Expense,Alpha Supplies,33595.28,Cash,INV12079,EMP130
TX00503,2025-02-11,Finance,CC101,Expense,Delta Services,17459.74,Card,INV11763,EMP120
TX00504,2025-12-17,Finance,CC102,Revenue,Bright Systems,98443.78,Cash,INV10283,EMP180
TX00505,2025-11-18,Operations,CC102,Expense,Bright Systems,71338.35,Bank Transfer,INV12491,EMP121
TX00506,2025-10-01,Sales,CC102,Revenue,CareMed,102704.08,UPI,INV11375,EMP161
TX00507,2025-08-09,HR,CC101,Expense,Bright Systems,58017.96,Card,INV10912,EMP117
TX00508,2025-10-16,HR,CC401,Expense,Alpha Supplies,114858.91,Cash,INV10734,EMP103
TX00509,2025-02-27,HR,CC201,Expense,Epsilon Tech,41276.7,Cash,INV11971,EMP125
TX00510,2025-09-26,Operations,CC501,Revenue,Bright Systems,29435.12,Bank Transfer,INV10642,EMP148
TX00511,2025-07-26,Sales,CC301,Revenue,FastLogix,134601.29,Bank Transfer,INV12608,EMP124
TX00512,2025-10-22,Operations,CC401,Expense,FastLogix,68684.69,Bank Transfer,INV11357,EMP142
TX00513,2025-10-26,Finance,CC102,Expense,Delta Services,26419.4,Card,INV12828,EMP177
TX00514,2025-08-02,HR,CC102,Expense,Delta Services,5035.91,Bank Transfer,INV12134,EMP178
TX00515,2025-07-17,HR,CC102,Expense,CareMed,47631.13,UPI,INV10077,EMP115
TX00516,2025-03-02,HR,CC401,Expense,Epsilon Tech,435181.07999999996,Bank Transfer,INV10523,EMP151
TX00517,2025-11-22,IT,CC201,Expense,CareMed,77709.09,Cash,INV10442,EMP168
TX00518,2025-11-15,Sales,CC102,Revenue,Epsilon Tech,46365.12,Bank Transfer,INV11172,EMP110
TX00519,2025-06-08,Operations,CC401,Expense,FastLogix,64984.51,Card,INV11829,EMP133
TX00520,2025-09-10,Operations,CC101,Expense,FastLogix,45743.78,Bank Transfer,INV10865,EMP184
TX00521,2025-06-25,HR,CC102,Revenue,Bright Systems,57246.8,Card,INV12942,EMP111
TX00522,2025-09-02,Operations,CC201,Expense,Delta Services,67273.17,UPI,INV11031,EMP135
TX00523,2025-10-12,IT,CC501,Revenue,Bright Systems,31942.53,UPI,INV10134,EMP108
TX00524,2025-01-26,IT,CC301,Expense,Bright Systems,114321.32,Bank Transfer,INV12759,EMP120
TX00525,2025-08-06,IT,CC101,Expense,Alpha Supplies,59400.39,Bank Transfer,INV10824,EMP175
TX00526,2025-10-27,Operations,CC501,Revenue,Bright Systems,63031.85,Bank Transfer,INV11917,EMP186
TX00527,2025-07-08,Finance,CC401,Expense,Alpha Supplies,111204.74,Bank Transfer,INV10401,EMP187
TX00528,2025-08-12,IT,CC102,Expense,Alpha Supplies,16777.51,UPI,INV11184,EMP146
TX00529,2025-08-25,HR,CC102,Expense,Epsilon Tech,25759.8,Bank Transfer,INV12187,EMP123
TX00530,2025-02-21,Finance,CC102,Revenue,Epsilon Tech,83197.49,Card,INV12745,EMP175
TX00531,2025-02-11,HR,CC301,Expense,Epsilon Tech,36285.11,Bank Transfer,INV10996,EMP106
TX00532,2025-10-26,HR,CC501,Revenue,Epsilon Tech,99857.02,Bank Transfer,INV10654,EMP106
TX00533,2025-08-28,Sales,CC301,Revenue,Alpha Supplies,52032.59,Card,INV11260,EMP139
TX00534,2025-07-27,IT,CC301,Revenue,Epsilon Tech,55001.25,Bank Transfer,INV12803,EMP153
TX00535,2025-12-24,Sales,CC401,Revenue,Bright Systems,177869.42,Bank Transfer,INV11223,EMP150
TX00536,2025-10-11,Finance,CC501,Expense,Epsilon Tech,16028.21,UPI,INV10847,EMP135
TX00537,2025-09-23,HR,CC102,Revenue,CareMed,115257.2,Card,INV10225,EMP177
TX00538,2025-04-09,IT,CC102,Revenue,Bright Systems,59940.92,Card,INV12415,EMP187
TX00539,2025-03-14,Operations,CC501,Expense,Alpha Supplies,24755.51,Cash,INV10432,EMP158
TX00540,2025-09-04,Operations,CC101,Expense,FastLogix,44815.91,Bank Transfer,INV10688,EMP189
TX00541,2025-09-15,IT,CC201,Expense,FastLogix,37468.54,UPI,INV12901,EMP148
TX00542,2025-12-23,IT,CC301,Revenue,Bright Systems,166359.13,Card,INV11998,EMP116
TX00543,2025-02-05,IT,CC201,Expense,Bright Systems,49587.33,UPI,INV12475,EMP167
TX00544,2025-11-02,Operations,CC401,Expense,Bright Systems,18817.85,Bank Transfer,INV12441,EMP109
TX00545,2025-06-27,HR,CC201,Expense,Alpha Supplies,24720.07,Bank Transfer,INV11168,EMP168
TX00546,2025-10-25,HR,CC401,Revenue,CareMed,111949.55,Card,INV11401,EMP109
TX00547,2025-06-25,Finance,CC102,Expense,Delta Services,56171.01,UPI,INV10982,EMP119
TX00548,2025-06-22,Finance,CC301,Expense,Epsilon Tech,14041.78,Bank Transfer,INV11216,EMP102
TX00549,2025-10-21,Sales,CC101,Expense,Alpha Supplies,68054.73,Card,INV12102,EMP183
TX00550,2025-04-12,IT,CC102,Expense,FastLogix,75478.39,Bank Transfer,INV11345,EMP118
TX00551,2025-03-24,Operations,CC102,Revenue,Alpha Supplies,76367.07,Cash,INV10422,EMP181
TX00552,2025-05-22,Sales,CC101,Revenue,Epsilon Tech,69054.53,Bank Transfer,INV10722,EMP111
TX00553,2025-02-17,Sales,CC201,Expense,Alpha Supplies,39755.92,Bank Transfer,INV12318,EMP127
TX00554,2025-08-28,IT,CC201,Expense,CareMed,95553.64,Cash,INV11545,EMP146
TX00555,2025-11-27,HR,CC501,Expense,FastLogix,24264.67,Cash,INV10678,EMP148
TX00556,2025-02-12,Operations,CC301,Expense,FastLogix,65583.75,Bank Transfer,INV11202,EMP134
TX00557,2025-02-05,HR,CC501,Revenue,Delta Services,68028.91,Bank Transfer,INV10067,EMP178
TX00558,2025-08-25,Finance,CC101,Expense,Bright Systems,28903.1,Bank Transfer,INV11381,EMP111
TX00559,2025-07-18,Operations,CC102,Expense,Delta Services,90779.9,Bank Transfer,INV10118,EMP133
TX00560,2025-06-18,IT,CC102,Expense,Bright Systems,82660.97,Bank Transfer,INV11439,EMP166
TX00561,2025-03-22,Operations,CC201,Expense,Delta Services,15771.65,UPI,INV12647,EMP116
TX00562,2025-04-06,Sales,CC401,Revenue,Alpha Supplies,42244.04,UPI,INV10258,EMP167
TX00563,2025-09-05,Sales,CC301,Expense,Epsilon Tech,14685.99,UPI,INV10666,EMP105
TX00564,2025-01-04,Finance,CC201,Expense,Bright Systems,47418.2,Card,INV12521,EMP121
TX00565,2025-11-23,Sales,CC201,Revenue,Delta Services,128306.15,UPI,INV12400,EMP156
TX00566,2025-08-22,IT,CC201,Expense,Epsilon Tech,21447.65,Cash,INV12164,EMP155
TX00567,2025-10-10,HR,CC102,Expense,CareMed,12049.41,Bank Transfer,INV12579,EMP156
TX00568,2025-02-18,Finance,CC301,Expense,Alpha Supplies,35932.32,Bank Transfer,INV11114,EMP169
TX00569,2025-06-02,HR,CC101,Expense,Alpha Supplies,56598.06,Card,INV12180,EMP117
TX00570,2025-06-22,IT,CC401,Expense,Bright Systems,92412.37,Bank Transfer,INV11323,EMP181
TX00571,2025-07-01,Sales,CC102,Revenue,FastLogix,139912.18,Bank Transfer,INV12707,EMP123
TX00572,2025-11-26,IT,CC201,Expense,Bright Systems,91205.93,Card,INV12607,EMP118
TX00573,2025-09-22,IT,CC102,Expense,Delta Services,36870.16,Cash,INV10028,EMP110
TX00574,2025-01-06,Operations,CC201,Revenue,Epsilon Tech,49950.23,Card,INV12170,EMP164
TX00575,2025-03-03,HR,CC101,Revenue,FastLogix,113241.89,Card,INV10969,EMP168
TX00576,2025-09-02,Operations,CC301,Revenue,Bright Systems,36203.43,UPI,INV10386,EMP173
TX00577,2025-05-14,Operations,CC401,Revenue,Bright Systems,143176.73,Card,INV11280,EMP115
TX00578,2025-05-03,HR,CC401,Expense,CareMed,54976.2,Bank Transfer,INV10357,EMP145
TX00579,2025-09-11,Finance,CC401,Expense,FastLogix,33313.43,UPI,INV11982,EMP184
TX00580,2025-08-20,Operations,CC501,Expense,Alpha Supplies,166333.55,Cash,INV10501,EMP179
TX00581,2025-04-20,IT,CC501,Expense,Alpha Supplies,76526.77,Bank Transfer,INV10411,EMP147
TX00582,2025-06-14,IT,CC101,Expense,Alpha Supplies,15313.46,Cash,INV11962,EMP171
TX00583,2025-07-05,Operations,CC102,Expense,CareMed,70208.61,Bank Transfer,INV11908,EMP126
TX00584,2025-01-23,Operations,CC102,Expense,FastLogix,83028.05,Cash,INV10825,EMP181
TX00585,2025-07-02,HR,CC501,Revenue,Delta Services,101551.76,Card,INV12542,EMP102
TX00586,2025-07-11,HR,CC401,Revenue,Alpha Supplies,63065.47,Bank Transfer,INV10911,EMP114
TX00587,2025-09-02,Sales,CC101,Revenue,CareMed,84278.63,UPI,INV12208,EMP147
TX00588,2025-02-09,HR,CC301,Expense,Delta Services,95024.36,Card,INV12103,EMP134
TX00589,2025-06-04,Finance,CC101,Expense,CareMed,36745.9,Card,INV11395,EMP152
TX00590,2025-04-04,HR,CC301,Expense,Bright Systems,58839.94,Card,INV11557,EMP165
TX00591,2025-05-04,HR,CC401,Expense,Epsilon Tech,61533.88,Bank Transfer,INV12608,EMP101
TX00592,2025-04-16,Sales,CC101,Revenue,Bright Systems,83232.05,UPI,INV11411,EMP111
TX00593,2025-07-14,HR,CC201,Expense,Bright Systems,52177.62,UPI,INV11872,EMP168
TX00594,2025-10-09,Finance,CC101,Expense,Bright Systems,61107.22,Cash,INV12437,EMP141
TX00595,2025-04-18,Operations,CC101,Expense,CareMed,41523.29,Bank Transfer,INV10061,EMP163
TX00596,2025-06-13,Operations,CC102,Revenue,Delta Services,56929.51,UPI,INV10811,EMP104
TX00597,2025-06-05,IT,CC101,Expense,Alpha Supplies,32516.79,UPI,INV12744,EMP129
TX00598,2025-09-26,Operations,CC501,Expense,Delta Services,39732.01,Bank Transfer,INV11323,EMP134
TX00599,2025-07-23,Finance,CC102,Expense,Alpha Supplies,95506.0,Bank Transfer,INV11645,EMP168
TX00600,2025-10-10,HR,CC102,Revenue,CareMed,550063.62,Card,INV10396,EMP102
TX00601,2025-10-25,IT,CC501,Revenue,Bright Systems,123013.9,UPI,INV12705,EMP184
TX00602,2025-04-08,HR,CC501,Expense,Epsilon Tech,78112.99,Bank Transfer,INV10254,EMP129
TX00603,2025-08-02,Finance,CC101,Expense,Alpha Supplies,20228.09,Card,INV10922,EMP139
TX00604,2025-10-27,Sales,CC102,Expense,Delta Services,96614.14,Bank Transfer,INV12002,EMP115
TX00605,2025-07-07,Operations,CC301,Expense,Bright Systems,87963.53,Bank Transfer,INV12316,EMP127
TX00606,2025-01-11,Finance,CC201,Revenue,Epsilon Tech,25037.85,UPI,INV12605,EMP149
TX00607,2025-06-10,Operations,CC201,Revenue,Delta Services,34010.42,Bank Transfer,INV10773,EMP125
TX00608,2025-07-12,Sales,CC501,Expense,Bright Systems,41568.33,Card,INV11417,EMP154
TX00609,2025-11-09,HR,CC102,Revenue,Bright Systems,1180405.92,UPI,INV12885,EMP147
TX00610,2025-01-19,Sales,CC102,Revenue,Delta Services,28645.92,Bank Transfer,INV11547,EMP176
TX00611,2025-09-02,IT,CC401,Expense,CareMed,52605.11,UPI,INV12543,EMP114
TX00612,2025-12-10,Finance,CC201,Expense,Alpha Supplies,48300.49,Bank Transfer,INV10769,EMP123
TX00613,2025-07-02,Sales,CC102,Revenue,Bright Systems,167078.13,Bank Transfer,INV11416,EMP137
TX00614,2025-07-21,Finance,CC101,Expense,Bright Systems,49901.46,Bank Transfer,INV11040,EMP139
TX00615,2025-10-20,Sales,CC301,Revenue,Bright Systems,112708.09,UPI,INV10610,EMP165
TX00616,2025-08-01,IT,CC201,Revenue,CareMed,93479.71,Card,INV11412,EMP151
TX00617,2025-05-20,IT,CC501,Expense,Alpha Supplies,40401.21,Cash,INV10453,EMP140
TX00618,2025-09-03,Finance,CC101,Expense,Epsilon Tech,63958.28,Card,INV12308,EMP121
TX00619,2025-07-13,Finance,CC501,Revenue,Epsilon Tech,127478.9,Card,INV10211,EMP115
TX00620,2025-02-20,HR,CC401,Revenue,Alpha Supplies,80830.48,Bank Transfer,INV11521,EMP186
TX00621,2025-02-13,HR,CC201,Revenue,Delta Services,325107.9,UPI,INV10145,EMP106
TX00622,2025-04-26,IT,CC301,Expense,CareMed,21356.69,Cash,INV12804,EMP113
TX00623,2025-01-01,Finance,CC401,Revenue,Alpha Supplies,41088.64,Cash,INV11463,EMP176
TX00624,2025-02-23,Finance,CC102,Expense,Epsilon Tech,60684.13,Card,INV12593,EMP183
TX00625,2025-09-04,Operations,CC102,Revenue,CareMed,84666.52,Bank Transfer,INV11295,EMP115
TX00626,2025-08-12,Sales,CC101,Expense,CareMed,19607.76,Bank Transfer,INV12856,EMP105
TX00627,2025-08-27,HR,CC101,Expense,Delta Services,21089.93,Bank Transfer,INV10768,EMP169
TX00628,2025-02-15,IT,CC102,Revenue,Bright Systems,170518.98,UPI,INV12665,EMP116
TX00629,2025-08-04,Operations,CC401,Expense,CareMed,26611.81,UPI,INV10337,EMP117
TX00630,2025-05-26,Finance,CC301,Expense,Delta Services,54586.18,Bank Transfer,INV11258,EMP162
TX00631,2025-11-17,HR,CC501,Expense,Delta Services,119869.9,Card,INV12724,EMP178
TX00632,2025-02-11,Operations,CC301,Expense,Delta Services,71103.9,UPI,INV10842,EMP127
TX00633,2025-08-02,Sales,CC401,Expense,Bright Systems,43955.62,Card,INV12165,EMP173
TX00634,2025-03-09,Sales,CC201,Expense,Delta Services,65908.86,Card,INV10020,EMP109
TX00635,2025-11-15,Sales,CC501,Expense,Delta Services,28249.92,Bank Transfer,INV11164,EMP168
TX00636,2025-04-28,Finance,CC101,Revenue,Epsilon Tech,149177.21,Bank Transfer,INV12273,EMP105
TX00637,2025-06-14,Sales,CC301,Expense,Epsilon Tech,93423.77,Card,INV12269,EMP127
TX00638,2025-12-17,Sales,CC501,Expense,Epsilon Tech,25738.44,Bank Transfer,INV11070,EMP178
TX00639,2025-11-22,Finance,CC102,Revenue,Alpha Supplies,117552.86,Cash,INV10745,EMP134
TX00640,2025-04-10,HR,CC201,Expense,Bright Systems,70052.85,Card,INV12147,EMP104
TX00641,2025-01-17,Operations,CC501,Expense,Bright Systems,85768.35,Cash,INV12686,EMP139
TX00642,2025-12-07,HR,CC501,Expense,FastLogix,98766.41,Card,INV12414,EMP119
TX00643,2025-03-16,HR,CC201,Expense,Epsilon Tech,11446.21,Bank Transfer,INV10402,EMP157
TX00644,2025-09-16,Sales,CC102,Expense,Epsilon Tech,69859.68,Card,INV12166,EMP178
TX00645,2025-11-08,Operations,CC301,Expense,Delta Services,78877.71,UPI,INV10928,EMP109
TX00646,2025-03-22,Sales,CC401,Revenue,CareMed,140631.54,Card,INV11372,EMP173
TX00647,2025-02-12,IT,CC501,Expense,FastLogix,63853.48,Cash,INV12282,EMP132
TX00648,2025-08-05,Finance,CC501,Expense,Bright Systems,35797.97,Bank Transfer,INV11777,EMP170
TX00649,2025-05-22,HR,CC102,Revenue,Delta Services,150438.79,Cash,INV10806,EMP134
TX00650,2025-01-14,IT,CC201,Expense,Bright Systems,100988.98,Card,INV12355,EMP179
TX00651,2025-09-01,HR,CC101,Revenue,Epsilon Tech,104159.19,Bank Transfer,INV11299,EMP156
TX00652,2025-08-10,Finance,CC101,Expense,CareMed,33315.15,Bank Transfer,INV10176,EMP188
TX00653,2025-11-22,HR,CC401,Expense,Alpha Supplies,43110.65,Bank Transfer,INV12892,EMP151
TX00654,2025-06-11,HR,CC301,Expense,FastLogix,18094.16,Card,INV11116,EMP163
TX00655,2025-11-07,HR,CC201,Expense,Bright Systems,10334.78,Bank Transfer,INV11398,EMP135
TX00656,2025-09-24,HR,CC101,Expense,Epsilon Tech,75101.38,Card,INV11568,EMP119
TX00657,2025-10-12,IT,CC101,Expense,FastLogix,31603.45,Bank Transfer,INV12132,EMP130
TX00658,2025-05-16,Operations,CC201,Expense,Epsilon Tech,35486.01,Card,INV10421,EMP166
TX00659,2025-07-05,Operations,CC501,Expense,Alpha Supplies,48883.27,Card,INV12384,EMP141
TX00660,2025-12-16,Sales,CC301,Revenue,Alpha Supplies,103227.72,Card,INV12423,EMP107
TX00661,2025-06-06,IT,CC401,Revenue,Bright Systems,65519.52,Bank Transfer,INV12735,EMP111
TX00662,2025-09-07,Operations,CC501,Revenue,CareMed,55965.94,Cash,INV11415,EMP188
TX00663,2025-10-20,Sales,CC102,Revenue,Delta Services,62601.04,UPI,INV12268,EMP179
TX00664,2025-06-14,Sales,CC301,Expense,Epsilon Tech,63959.79,Bank Transfer,INV11963,EMP133
TX00665,2025-02-07,Operations,CC101,Expense,FastLogix,49219.0,Bank Transfer,INV12748,EMP102
TX00666,2025-11-06,HR,CC102,Revenue,Delta Services,85850.53,Bank Transfer,INV12224,EMP162
TX00667,2025-07-10,Sales,CC501,Revenue,Alpha Supplies,101662.9,Card,INV10551,EMP118
TX00668,2025-03-18,IT,CC201,Expense,FastLogix,38999.17,UPI,INV11535,EMP148
TX00669,2025-01-12,IT,CC102,Revenue,Alpha Supplies,145689.08,Bank Transfer,INV10233,EMP180
TX00670,2025-07-01,Operations,CC201,Expense,CareMed,44056.19,Cash,INV12488,EMP112
TX00671,2025-07-19,Operations,CC401,Expense,Alpha Supplies,60490.72,Bank Transfer,INV12956,EMP130
TX00672,2025-02-07,Finance,CC201,Revenue,Delta Services,66838.79,UPI,INV12987,EMP118
TX00673,2025-07-06,IT,CC401,Expense,FastLogix,65556.74,Bank Transfer,INV11606,EMP182
TX00674,2025-06-11,IT,CC201,Expense,CareMed,58048.22,Bank Transfer,INV12845,EMP170
TX00675,2025-09-25,Finance,CC101,Expense,Bright Systems,50512.86,Cash,INV12496,EMP176
TX00676,2025-05-20,Finance,CC301,Expense,Alpha Supplies,26473.4,Cash,INV12969,EMP152
TX00677,2025-01-22,IT,CC101,Expense,FastLogix,102234.24,Bank Transfer,INV10499,EMP120
TX00678,2025-06-05,Finance,CC102,Expense,Delta Services,19714.58,UPI,INV10631,EMP183
TX00679,2025-12-08,Sales,CC101,Expense,Bright Systems,42867.46,Bank Transfer,INV11685,EMP145
TX00680,2025-01-27,IT,CC101,Expense,Epsilon Tech,41604.51,Bank Transfer,INV11629,EMP147
TX00681,2025-12-28,HR,CC401,Revenue,Alpha Supplies,15193.04,UPI,INV12403,EMP187
TX00682,2025-12-11,Sales,CC102,Expense,Epsilon Tech,137713.09,Bank Transfer,INV11045,EMP187
TX00683,2025-09-15,Operations,CC201,Expense,FastLogix,37027.76,UPI,INV12595,EMP157
TX00684,2025-12-06,Sales,CC301,Expense,CareMed,73827.23,Bank Transfer,INV10712,EMP130
TX00685,2025-07-09,Operations,CC301,Expense,CareMed,50595.77,Card,INV11079,EMP162
TX00686,2025-11-15,IT,CC301,Revenue,FastLogix,113493.01,Bank Transfer,INV10599,EMP101
TX00687,2025-08-20,Operations,CC201,Expense,FastLogix,51734.9,Bank Transfer,INV12514,EMP101
TX00688,2025-05-20,IT,CC401,Revenue,Delta Services,154516.29,Bank Transfer,INV11886,EMP154
TX00689,2025-08-13,Operations,CC102,Expense,FastLogix,33628.99,Cash,INV11186,EMP142
TX00690,2025-05-17,Operations,CC501,Expense,Delta Services,23494.35,UPI,INV10715,EMP146
TX00691,2025-10-10,Operations,CC201,Expense,Epsilon Tech,69588.45,Bank Transfer,INV10669,EMP170
TX00692,2025-04-27,Finance,CC501,Expense,Alpha Supplies,31341.79,Bank Transfer,INV10556,EMP167
TX00693,2025-09-09,Operations,CC301,Expense,Alpha Supplies,76837.24,Cash,INV12286,EMP106
TX00694,2025-05-16,Finance,CC201,Expense,CareMed,102016.9,Card,INV10797,EMP119
TX00695,2025-12-18,Sales,CC101,Expense,Delta Services,59603.97,Cash,INV11996,EMP117
TX00696,2025-11-24,Operations,CC101,Revenue,Alpha Supplies,102107.22,Card,INV10699,EMP114
TX00697,2025-03-25,IT,CC101,Expense,Alpha Supplies,20461.09,Bank Transfer,INV11185,EMP162
TX00698,2025-09-28,IT,CC101,Expense,Delta Services,58199.33,Bank Transfer,INV10168,EMP161
TX00699,2025-10-14,HR,CC301,Expense,Bright Systems,50948.02,Bank Transfer,INV10715,EMP179
TX00700,2025-03-08,Operations,CC401,Expense,Bright Systems,11633.32,Bank Transfer,INV12816,EMP138
TX00701,2025-05-01,HR,CC301,Revenue,Bright Systems,154537.66,Bank Transfer,INV10332,EMP100
TX00702,2025-05-16,Finance,CC301,Revenue,Epsilon Tech,54047.17,Bank Transfer,INV12146,EMP160
TX00703,2025-11-17,Finance,CC102,Revenue,Epsilon Tech,61410.66,Cash,INV10968,EMP101
TX00704,2025-05-01,HR,CC301,Revenue,Alpha Supplies,111943.13,Cash,INV11777,EMP101
TX00705,2025-02-10,HR,CC101,Expense,Bright Systems,48732.62,UPI,INV12194,EMP137
TX00706,2025-11-11,IT,CC201,Revenue,Epsilon Tech,146055.93,Bank Transfer,INV11577,EMP167
TX00707,2025-06-14,HR,CC102,Expense,Alpha Supplies,78078.0,Card,INV11861,EMP162
TX00708,2025-11-16,Finance,CC201,Expense,Bright Systems,62460.8,Bank Transfer,INV12070,EMP146
TX00709,2025-09-02,Operations,CC101,Revenue,CareMed,56234.95,Bank Transfer,INV11253,EMP153
TX00710,2025-08-26,HR,CC401,Revenue,Alpha Supplies,159069.46,UPI,INV10395,EMP144
TX00711,2025-01-16,Sales,CC102,Expense,Alpha Supplies,51508.39,UPI,INV12286,EMP113
TX00712,2025-02-17,Operations,CC102,Revenue,Bright Systems,72929.33,Card,INV11259,EMP185
TX00713,2025-01-04,Finance,CC501,Revenue,FastLogix,185629.73,Card,INV10869,EMP146
TX00714,2025-12-16,Sales,CC401,Revenue,Delta Services,97078.07,Card,INV10767,EMP125
TX00715,2025-06-10,IT,CC301,Expense,CareMed,32041.28,Bank Transfer,INV11405,EMP185
TX00716,2025-10-09,Finance,CC501,Expense,Delta Services,45845.75,Bank Transfer,INV12199,EMP129
TX00717,2025-11-15,Operations,CC101,Expense,Delta Services,68616.3,Cash,INV10560,EMP150
TX00718,2025-06-01,Sales,CC301,Expense,Delta Services,8659.43,UPI,INV12877,EMP178
TX00719,2025-07-15,HR,CC102,Expense,FastLogix,82970.15,Bank Transfer,INV11725,EMP188
TX00720,2025-04-22,Finance,CC201,Expense,Delta Services,60733.59,Bank Transfer,INV12120,EMP156
TX00721,2025-07-05,IT,CC101,Revenue,FastLogix,59006.93,Card,INV10337,EMP166
TX00722,2025-10-17,Finance,CC201,Expense,CareMed,64411.68,Bank Transfer,INV11506,EMP175
TX00723,2025-04-05,Sales,CC101,Revenue,Bright Systems,156321.8,Bank Transfer,INV11842,EMP163
TX00724,2025-04-17,HR,CC101,Expense,CareMed,48384.42,Card,INV10620,EMP178
TX00725,2025-11-12,HR,CC101,Expense,CareMed,20123.18,Card,INV12411,EMP174
TX00726,2025-12-18,HR,CC401,Revenue,Alpha Supplies,194753.36,UPI,INV11112,EMP148
TX00727,2025-01-17,Finance,CC201,Revenue,Epsilon Tech,30880.2,UPI,INV11409,EMP113
TX00728,2025-01-26,Operations,CC101,Revenue,Bright Systems,224062.58,Bank Transfer,INV10071,EMP133
TX00729,2025-02-27,Operations,CC201,Expense,Delta Services,25236.66,UPI,INV10372,EMP164
TX00730,2025-04-01,Finance,CC102,Revenue,Delta Services,13126.75,Card,INV12234,EMP185
TX00731,2025-10-09,Sales,CC301,Expense,Delta Services,32901.02,Bank Transfer,INV10742,EMP169
TX00732,2025-08-12,IT,CC501,Revenue,Bright Systems,84803.65,Card,INV10252,EMP138
TX00733,2025-12-05,Sales,CC102,Expense,Epsilon Tech,10218.74,UPI,INV12883,EMP108
TX00734,2025-07-10,IT,CC301,Expense,Epsilon Tech,50831.88,Bank Transfer,INV11245,EMP132
TX00735,2025-06-17,Finance,CC501,Expense,Bright Systems,23310.58,Card,INV12885,EMP129
TX00736,2025-07-23,Operations,CC201,Revenue,Alpha Supplies,160468.98,Bank Transfer,INV11186,EMP114
TX00737,2025-08-06,IT,CC401,Expense,Delta Services,20448.32,UPI,INV12638,EMP177
TX00738,2025-03-11,HR,CC101,Expense,Bright Systems,72576.56,UPI,INV11660,EMP150
TX00739,2025-09-27,IT,CC201,Expense,Delta Services,63765.44,Bank Transfer,INV10148,EMP182
TX00740,2025-08-26,IT,CC301,Expense,Bright Systems,40515.06,Card,INV11296,EMP167
TX00741,2025-12-13,IT,CC201,Revenue,Bright Systems,25892.41,Bank Transfer,INV10711,EMP126
TX00742,2025-09-18,Finance,CC401,Revenue,CareMed,97668.44,UPI,INV10567,EMP146
TX00743,2025-10-07,Operations,CC501,Expense,Alpha Supplies,45558.18,Cash,INV11715,EMP187
TX00744,2025-02-25,IT,CC501,Expense,Delta Services,11266.83,Bank Transfer,INV12291,EMP170
TX00745,2025-11-15,Finance,CC501,Expense,Delta Services,68970.74,UPI,INV11648,EMP145
TX00746,2025-08-18,Sales,CC101,Expense,Delta Services,39326.73,UPI,INV11691,EMP159
TX00747,2025-09-03,Operations,CC101,Expense,FastLogix,12111.14,Card,INV10206,EMP125
TX00748,2025-01-24,HR,CC401,Expense,CareMed,56291.25,UPI,INV11097,EMP158
TX00749,2025-01-04,Operations,CC401,Expense,CareMed,83685.66,Bank Transfer,INV10981,EMP136
TX00750,2025-11-18,HR,CC501,Expense,Bright Systems,33624.76,UPI,INV10225,EMP163
TX00751,2025-07-10,Operations,CC102,Expense,Epsilon Tech,54531.29,Card,INV10409,EMP176
TX00752,2025-11-28,Finance,CC401,Expense,FastLogix,38837.96,UPI,INV10432,EMP146
TX00753,2025-08-01,HR,CC401,Revenue,FastLogix,52419.6,Bank Transfer,INV10315,EMP128
TX00754,2025-02-02,Finance,CC101,Expense,Delta Services,106314.63,Bank Transfer,INV11578,EMP156
TX00755,2025-02-04,Finance,CC102,Expense,Bright Systems,22272.26,Bank Transfer,INV10246,EMP119
TX00756,2025-06-24,IT,CC501,Expense,Bright Systems,413209.32,Card,INV10600,EMP160
TX00757,2025-03-27,Operations,CC401,Revenue,CareMed,183359.28,Bank Transfer,INV12605,EMP184
TX00758,2025-10-16,HR,CC201,Expense,Alpha Supplies,141109.43,UPI,INV11845,EMP116
TX00759,2025-11-03,Finance,CC501,Expense,CareMed,57437.97,Bank Transfer,INV11359,EMP179
TX00760,2025-05-26,Finance,CC301,Expense,Alpha Supplies,105868.85,Bank Transfer,INV12110,EMP127
TX00761,2025-01-12,HR,CC201,Revenue,Alpha Supplies,116421.15,Bank Transfer,INV12426,EMP101
TX00762,2025-10-12,Sales,CC501,Expense,Alpha Supplies,29757.51,Bank Transfer,INV10006,EMP108
TX00763,2025-03-13,Operations,CC401,Expense,Bright Systems,207316.14,Bank Transfer,INV11485,EMP179
TX00764,2025-11-01,IT,CC501,Expense,FastLogix,41379.9,UPI,INV12181,EMP148
TX00765,2025-09-18,Finance,CC301,Expense,FastLogix,44569.07,Card,INV11187,EMP102
TX00766,2025-10-24,Finance,CC101,Expense,Delta Services,14393.4,Card,INV11361,EMP142
TX00767,2025-04-03,IT,CC101,Expense,Bright Systems,38397.41,Bank Transfer,INV11529,EMP127
TX00768,2025-05-20,Sales,CC401,Expense,Alpha Supplies,58638.61,Bank Transfer,INV12233,EMP158
TX00769,2025-12-01,Sales,CC201,Expense,Epsilon Tech,69601.35,Bank Transfer,INV10988,EMP189
TX00770,2025-04-17,Operations,CC201,Revenue,CareMed,124474.34,Bank Transfer,INV10040,EMP137
TX00771,2025-08-11,Finance,CC401,Revenue,Delta Services,153553.07,Card,INV10997,EMP111
TX00772,2025-07-19,Finance,CC101,Revenue,FastLogix,129671.5,Card,INV10588,EMP102
TX00773,2025-11-18,HR,CC102,Revenue,CareMed,87061.75,UPI,INV10066,EMP160
TX00774,2025-12-07,IT,CC401,Expense,Delta Services,69598.27,UPI,INV10928,EMP168
TX00775,2025-06-02,Operations,CC102,Expense,FastLogix,22400.25,Card,INV12247,EMP119
TX00776,2025-05-13,Operations,CC102,Revenue,Delta Services,107908.84,Cash,INV12153,EMP150
TX00777,2025-08-18,IT,CC201,Revenue,Bright Systems,129891.18,Bank Transfer,INV12862,EMP121
TX00778,2025-11-01,IT,CC301,Revenue,Epsilon Tech,72719.41,UPI,INV12537,EMP169
TX00779,2025-01-28,Finance,CC501,Revenue,Delta Services,97411.46,Card,INV10734,EMP136
TX00780,2025-09-01,Sales,CC401,Expense,Bright Systems,16794.47,Bank Transfer,INV12391,EMP171
TX00781,2025-09-06,HR,CC501,Expense,Delta Services,95318.59,Bank Transfer,INV12239,EMP163
TX00782,2025-04-27,HR,CC401,Expense,CareMed,84376.47,Bank Transfer,INV10456,EMP126
TX00783,2025-01-12,Finance,CC401,Expense,Bright Systems,93182.71,Card,INV10203,EMP105
TX00784,2025-09-23,IT,CC201,Revenue,Alpha Supplies,118812.4,Bank Transfer,INV10952,EMP115
TX00785,2025-06-09,Sales,CC401,Expense,Alpha Supplies,45177.97,Card,INV12635,EMP116
TX00786,2025-05-27,Finance,CC401,Revenue,Epsilon Tech,56531.27,Bank Transfer,INV12440,EMP181
TX00787,2025-02-07,Sales,CC301,Expense,Bright Systems,96535.13,UPI,INV12882,EMP122
TX00788,2025-07-18,IT,CC401,Expense,FastLogix,44166.32,Cash,INV12933,EMP148
TX00789,2025-09-20,Operations,CC102,Expense,FastLogix,36639.64,UPI,INV11728,EMP180
TX00790,2025-12-04,IT,CC401,Revenue,Alpha Supplies,97001.21,Card,INV10088,EMP118
TX00791,2025-05-02,Operations,CC401,Expense,Epsilon Tech,34179.62,UPI,INV11443,EMP125
TX00792,2025-10-01,IT,CC401,Expense,CareMed,24953.82,Card,INV11038,EMP166
TX00793,2025-07-18,Sales,CC201,Expense,FastLogix,65456.07,Bank Transfer,INV10258,EMP135
TX00794,2025-11-15,Finance,CC101,Expense,Epsilon Tech,116300.95,Bank Transfer,INV12131,EMP176
TX00795,2025-01-05,IT,CC501,Expense,FastLogix,82983.85,Bank Transfer,INV11501,EMP182
TX00796,2025-09-21,IT,CC501,Expense,FastLogix,69601.94,Bank Transfer,INV12212,EMP122
TX00797,2025-11-06,Operations,CC102,Expense,Epsilon Tech,44410.55,Bank Transfer,INV10988,EMP165
TX00798,2025-08-06,Sales,CC101,Revenue,CareMed,35216.74,Card,INV10601,EMP158
TX00799,2025-03-28,HR,CC401,Expense,CareMed,130424.51999999999,Card,INV10792,EMP160
TX00800,2025-02-10,Finance,CC301,Expense,Alpha Supplies,179738.11,UPI,INV11041,EMP169
TX00801,2025-02-20,IT,CC201,Revenue,Alpha Supplies,181780.78,Card,INV10086,EMP161
TX00802,2025-06-22,Finance,CC401,Expense,Bright Systems,52307.26,Cash,INV11124,EMP170
TX00803,2025-03-13,IT,CC102,Expense,Delta Services,47514.64,UPI,INV10532,EMP100
TX00804,2025-11-19,IT,CC301,Revenue,Bright Systems,59417.11,Bank Transfer,INV12793,EMP176
TX00805,2025-12-05,IT,CC301,Expense,Bright Systems,26685.43,Bank Transfer,INV10742,EMP159
TX00806,2025-02-01,Finance,CC401,Expense,Bright Systems,10583.08,Bank Transfer,INV10873,EMP153
TX00807,2025-05-03,HR,CC201,Expense,Delta Services,79201.37,Bank Transfer,INV10159,EMP183
TX00808,2025-02-04,IT,CC101,Expense,FastLogix,25507.64,Card,INV11273,EMP112
TX00809,2025-03-11,Operations,CC401,Expense,CareMed,108350.13,Bank Transfer,INV11699,EMP140
TX00810,2025-10-09,HR,CC201,Expense,Bright Systems,10867.61,UPI,INV12550,EMP179
TX00811,2025-10-24,HR,CC101,Expense,Delta Services,105688.47,Bank Transfer,INV12686,EMP172
TX00812,2025-07-18,Sales,CC101,Expense,Alpha Supplies,151800.24,Bank Transfer,INV12040,EMP105
TX00813,2025-06-26,Sales,CC102,Expense,Delta Services,126475.2,Card,INV12978,EMP115
TX00814,2025-11-18,IT,CC501,Expense,Alpha Supplies,230318.34,Card,INV12428,EMP108
TX00815,2025-12-15,IT,CC301,Expense,Alpha Supplies,42735.21,Bank Transfer,INV10332,EMP143
TX00816,2025-01-19,IT,CC101,Revenue,Delta Services,90648.63,Bank Transfer,INV12048,EMP148
TX00817,2025-09-26,IT,CC201,Expense,FastLogix,98789.01,Bank Transfer,INV10080,EMP135
TX00818,2025-03-01,Operations,CC201,Expense,Alpha Supplies,80809.65,Cash,INV11494,EMP178
TX00819,2025-06-01,Sales,CC401,Expense,FastLogix,131649.02,Bank Transfer,INV11463,EMP144
TX00820,2025-12-14,Operations,CC201,Expense,Delta Services,77088.88,Bank Transfer,INV10366,EMP137
TX00821,2025-03-06,Operations,CC301,Revenue,CareMed,74389.46,Bank Transfer,INV10509,EMP129
TX00822,2025-10-19,Operations,CC401,Revenue,CareMed,30458.89,UPI,INV10196,EMP126
TX00823,2025-08-20,Operations,CC401,Revenue,CareMed,43102.12,UPI,INV12826,EMP101
TX00824,2025-02-09,Operations,CC102,Expense,CareMed,78828.66,Cash,INV11897,EMP110
TX00825,2025-01-26,Finance,CC301,Revenue,Epsilon Tech,73442.99,UPI,INV12787,EMP134
TX00826,2025-12-22,Operations,CC501,Expense,Bright Systems,52874.43,Bank Transfer,INV12838,EMP102
TX00827,2025-04-10,IT,CC101,Expense,FastLogix,68438.28,Card,INV12290,EMP188
TX00828,2025-05-14,Sales,CC102,Expense,FastLogix,65278.3,UPI,INV10448,EMP163
TX00829,2025-10-18,Operations,CC201,Expense,FastLogix,31941.81,Cash,INV11525,EMP182
TX00830,2025-09-25,HR,CC401,Revenue,CareMed,86251.61,Card,INV11203,EMP103
TX00831,2025-11-21,IT,CC101,Expense,Alpha Supplies,14877.19,Bank Transfer,INV11377,EMP174
TX00832,2025-02-01,Operations,CC102,Expense,Alpha Supplies,68787.99,Bank Transfer,INV11116,EMP156
TX00833,2025-07-27,Finance,CC301,Expense,Delta Services,17113.52,Bank Transfer,INV11842,EMP169
TX00834,2025-10-16,HR,CC501,Revenue,Delta Services,94789.46,Bank Transfer,INV11660,EMP159
TX00835,2025-01-20,Sales,CC102,Revenue,FastLogix,85852.85,Bank Transfer,INV10227,EMP165
TX00836,2025-10-21,Operations,CC501,Expense,FastLogix,14789.41,Bank Transfer,INV10408,EMP117
TX00837,2025-07-21,IT,CC201,Revenue,Delta Services,131705.99,UPI,INV11203,EMP185
TX00838,2025-05-27,HR,CC401,Revenue,FastLogix,81319.55,Bank Transfer,INV12365,EMP104
TX00839,2025-10-06,Sales,CC201,Expense,Alpha Supplies,83745.46,Card,INV12179,EMP147
TX00840,2025-08-19,HR,CC201,Revenue,Delta Services,59000.0,Card,INV12928,EMP140
TX00841,2025-01-15,Sales,CC501,Expense,CareMed,108632.34,Bank Transfer,INV12939,EMP156
TX00842,2025-06-01,Finance,CC201,Expense,Alpha Supplies,93199.61,Bank Transfer,INV10234,EMP182
TX00843,2025-05-10,HR,CC101,Expense,Alpha Supplies,49006.62,UPI,INV11296,EMP149
TX00844,2025-05-18,Operations,CC101,Expense,Epsilon Tech,73036.0,Card,INV12527,EMP105
TX00845,2025-11-03,Finance,CC102,Expense,Bright Systems,20532.14,Bank Transfer,INV11057,EMP109
TX00846,2025-04-07,IT,CC401,Expense,Alpha Supplies,75927.19,Bank Transfer,INV12770,EMP111
TX00847,2025-05-10,IT,CC102,Revenue,Bright Systems,24830.08,Card,INV10389,EMP151
TX00848,2025-08-21,Finance,CC401,Expense,FastLogix,14569.35,Bank Transfer,INV11109,EMP117
TX00849,2025-03-17,Operations,CC102,Expense,Bright Systems,37857.89,Bank Transfer,INV11732,EMP102
TX00850,2025-05-05,IT,CC201,Revenue,Delta Services,122229.71,Bank Transfer,INV12863,EMP139
TX00851,2025-01-08,Finance,CC401,Expense,CareMed,20275.22,Card,INV11205,EMP177
TX00852,2025-11-07,IT,CC102,Revenue,Delta Services,13601.34,Bank Transfer,INV10940,EMP187
TX00853,2025-09-07,Sales,CC501,Expense,CareMed,58681.91,UPI,INV11833,EMP112
TX00854,2025-12-21,Operations,CC301,Expense,Delta Services,49378.02,UPI,INV12727,EMP153
TX00855,2025-02-18,Finance,CC401,Revenue,Alpha Supplies,69887.36,Cash,INV12290,EMP118
TX00856,2025-03-03,Operations,CC201,Expense,Epsilon Tech,38588.93,UPI,INV11275,EMP186
TX00857,2025-03-23,Finance,CC201,Expense,CareMed,66298.94,Bank Transfer,INV11359,EMP123
TX00858,2025-12-21,HR,CC501,Expense,Epsilon Tech,9617.28,Bank Transfer,INV10700,EMP103
TX00859,2025-08-24,Sales,CC101,Expense,Alpha Supplies,20839.99,Bank Transfer,INV10729,EMP132
TX00860,2025-06-12,Operations,CC301,Expense,CareMed,56315.42,Card,INV12827,EMP169
TX00861,2025-03-11,Finance,CC401,Expense,CareMed,59870.46,Bank Transfer,INV12181,EMP136
TX00862,2025-05-04,Operations,CC301,Expense,Delta Services,36955.09,Bank Transfer,INV11600,EMP151
TX00863,2025-09-15,Operations,CC201,Expense,Bright Systems,34650.27,Bank Transfer,INV12577,EMP176
TX00864,2025-08-19,HR,CC101,Expense,Delta Services,32258.72,Cash,INV11100,EMP124
TX00865,2025-12-19,IT,CC501,Revenue,CareMed,128648.17,Bank Transfer,INV12967,EMP147
TX00866,2025-05-21,Operations,CC401,Revenue,FastLogix,81300.37,Card,INV11219,EMP143
TX00867,2025-03-23,Sales,CC301,Revenue,Delta Services,69745.32,Card,INV10607,EMP125
TX00868,2025-06-27,Operations,CC301,Expense,CareMed,40335.47,Bank Transfer,INV12983,EMP131
TX00869,2025-08-28,IT,CC201,Expense,CareMed,38707.1,Bank Transfer,INV11818,EMP144
TX00870,2025-09-28,Finance,CC102,Expense,FastLogix,22862.6,UPI,INV11406,EMP154
TX00871,2025-09-24,Finance,CC102,Expense,Alpha Supplies,28296.08,Cash,INV11758,EMP139
TX00872,2025-01-22,Sales,CC401,Expense,CareMed,61430.05,Bank Transfer,INV12831,EMP111
TX00873,2025-04-13,Sales,CC401,Expense,FastLogix,51022.99,Card,INV12350,EMP128
TX00874,2025-06-13,IT,CC301,Revenue,Delta Services,134116.71,Bank Transfer,INV12419,EMP160
TX00875,2025-08-17,IT,CC401,Revenue,Alpha Supplies,102133.56,Bank Transfer,INV12997,EMP179
TX00876,2025-10-22,IT,CC201,Revenue,Epsilon Tech,56853.35,UPI,INV10650,EMP155
TX00877,2025-07-10,IT,CC301,Expense,Alpha Supplies,13072.95,Bank Transfer,INV10843,EMP161
TX00878,2025-07-21,IT,CC501,Expense,Bright Systems,44529.6,Bank Transfer,INV11539,EMP120
TX00879,2025-05-08,Finance,CC401,Expense,CareMed,54440.22,Bank Transfer,INV11347,EMP152
TX00880,2025-04-02,HR,CC101,Expense,Epsilon Tech,104958.09,UPI,INV11255,EMP106
TX00881,2025-04-06,HR,CC501,Revenue,Epsilon Tech,62009.6,Card,INV10233,EMP162
TX00882,2025-04-27,IT,CC101,Expense,Alpha Supplies,76030.7,Card,INV11961,EMP103
TX00883,2025-05-05,Sales,CC101,Revenue,Alpha Supplies,51602.18,Bank Transfer,INV12804,EMP181
TX00884,2025-12-05,Finance,CC301,Expense,Bright Systems,25675.71,UPI,INV10255,EMP148
TX00885,2025-01-23,Operations,CC101,Revenue,CareMed,82623.93,Card,INV11544,EMP116
TX00886,2025-06-01,Sales,CC102,Expense,Bright Systems,47064.15,Bank Transfer,INV10398,EMP155
TX00887,2025-09-10,HR,CC101,Expense,Epsilon Tech,48992.18,Card,INV10461,EMP171
TX00888,2025-06-12,Operations,CC201,Expense,FastLogix,48313.32,Bank Transfer,INV12593,EMP188
TX00889,2025-12-26,Sales,CC501,Expense,FastLogix,18465.59,Card,INV11260,EMP134
TX00890,2025-11-03,Sales,CC102,Expense,CareMed,91175.49,Bank Transfer,INV11036,EMP172
TX00891,2025-09-17,Operations,CC401,Revenue,Alpha Supplies,65076.2,Bank Transfer,INV12209,EMP124
TX00892,2025-04-20,Operations,CC102,Revenue,CareMed,87307.18,Bank Transfer,INV10174,EMP103
TX00893,2025-07-02,Sales,CC102,Expense,Alpha Supplies,48886.92,Bank Transfer,INV12067,EMP112
TX00894,2025-11-11,Finance,CC501,Expense,CareMed,32933.42,Bank Transfer,INV11705,EMP139
TX00895,2025-01-12,Operations,CC201,Expense,FastLogix,40808.53,UPI,INV12759,EMP183
TX00896,2025-12-03,Finance,CC301,Expense,FastLogix,22024.39,Card,INV11626,EMP163
TX00897,2025-06-11,IT,CC102,Expense,Bright Systems,29054.89,Bank Transfer,INV10873,EMP118
TX00898,2025-08-07,Finance,CC301,Expense,Epsilon Tech,90624.76,UPI,INV12731,EMP111
TX00899,2025-03-25,Finance,CC301,Expense,Bright Systems,86042.52,Bank Transfer,INV10199,EMP173
TX00900,2025-08-20,Finance,CC501,Expense,Alpha Supplies,42514.43,Bank Transfer,INV12349,EMP114
TX00901,2025-02-19,HR,CC101,Expense,CareMed,24256.43,UPI,INV12898,EMP101
TX00902,2025-12-05,Finance,CC501,Revenue,FastLogix,120106.1,Card,INV10558,EMP120
TX00903,2025-12-25,HR,CC102,Expense,Epsilon Tech,37995.27,Bank Transfer,INV12526,EMP158
TX00904,2025-06-22,HR,CC501,Expense,Bright Systems,56958.48,Bank Transfer,INV12317,EMP143
TX00905,2025-10-20,HR,CC102,Expense,Epsilon Tech,22588.82,Cash,INV12356,EMP157
TX00906,2025-05-16,Finance,CC501,Expense,Delta Services,169453.47,Bank Transfer,INV11536,EMP157
TX00907,2025-03-12,HR,CC102,Expense,Delta Services,104311.14,Bank Transfer,INV10591,EMP170
TX00908,2025-11-14,HR,CC101,Expense,Delta Services,35712.08,Bank Transfer,INV11183,EMP166
TX00909,2025-07-24,Operations,CC201,Expense,Epsilon Tech,16532.06,Bank Transfer,INV10026,EMP137
TX00910,2025-02-13,IT,CC401,Revenue,Epsilon Tech,156188.52,UPI,INV11919,EMP117
TX00911,2025-05-19,Operations,CC102,Revenue,Epsilon Tech,71858.4,UPI,INV12093,EMP107
TX00912,2025-07-05,Sales,CC301,Expense,FastLogix,234543.72,Cash,INV10743,EMP145
TX00913,2025-06-28,Sales,CC501,Revenue,CareMed,71073.54,Bank Transfer,INV11137,EMP104
TX00914,2025-07-11,Operations,CC201,Expense,Bright Systems,9125.38,Bank Transfer,INV11240,EMP114
TX00915,2025-04-24,HR,CC501,Revenue,Delta Services,73198.86,Bank Transfer,INV12635,EMP156
TX00916,2025-02-13,Sales,CC301,Revenue,CareMed,111356.41,Bank Transfer,INV11281,EMP154
TX00917,2025-08-24,Operations,CC501,Expense,Alpha Supplies,74139.14,Card,INV12060,EMP118
TX00918,2025-12-16,Finance,CC201,Expense,Alpha Supplies,57716.58,Bank Transfer,INV12685,EMP159
TX00919,2025-11-12,IT,CC301,Revenue,FastLogix,191994.2,UPI,INV11639,EMP133
TX00920,2025-12-15,HR,CC301,Expense,FastLogix,93712.87,Bank Transfer,INV11462,EMP150
TX00921,2025-06-05,IT,CC301,Expense,Alpha Supplies,75483.61,Card,INV12340,EMP167
TX00922,2025-02-10,IT,CC102,Expense,FastLogix,33462.23,Card,INV11642,EMP152
TX00923,2025-09-25,IT,CC101,Expense,FastLogix,104624.63,Card,INV12869,EMP129
TX00924,2025-04-01,Finance,CC301,Expense,FastLogix,8158.23,Bank Transfer,INV12220,EMP172
TX00925,2025-09-24,Operations,CC201,Expense,Delta Services,25444.65,UPI,INV11296,EMP134
TX00926,2025-01-19,IT,CC301,Expense,Delta Services,106012.97,Cash,INV10396,EMP151
TX00927,2025-10-05,Operations,CC301,Revenue,Alpha Supplies,158085.34,Bank Transfer,INV11092,EMP186
TX00928,2025-01-06,Finance,CC101,Expense,Alpha Supplies,41818.92,UPI,INV10109,EMP122
TX00929,2025-10-19,Sales,CC201,Expense,Delta Services,44351.57,Card,INV10056,EMP167
TX00930,2025-08-06,IT,CC102,Expense,Bright Systems,86439.99,Cash,INV12293,EMP180
TX00931,2025-06-13,HR,CC102,Revenue,FastLogix,70641.83,Card,INV12403,EMP125
TX00932,2025-02-08,Operations,CC201,Expense,FastLogix,46700.74,Bank Transfer,INV12804,EMP117
TX00933,2025-06-23,Sales,CC401,Revenue,Delta Services,121212.11,UPI,INV10776,EMP162
TX00934,2025-02-17,Sales,CC401,Expense,FastLogix,82979.42,Card,INV11742,EMP112
TX00935,2025-07-06,IT,CC102,Revenue,Bright Systems,148976.33,Bank Transfer,INV10639,EMP117
TX00936,2025-05-22,Operations,CC401,Revenue,Delta Services,95792.75,Card,INV12146,EMP138
TX00937,2025-10-23,Operations,CC101,Revenue,FastLogix,101659.16,Card,INV10623,EMP164
TX00938,2025-11-16,HR,CC201,Expense,Delta Services,50964.9,Bank Transfer,INV12525,EMP138
TX00939,2025-01-06,IT,CC201,Expense,CareMed,60337.18,Card,INV11723,EMP122
TX00940,2025-04-10,HR,CC101,Revenue,Bright Systems,120361.64,Card,INV12417,EMP120
TX00941,2025-08-06,Sales,CC501,Expense,Epsilon Tech,43055.89,Cash,INV12985,EMP133
TX00942,2025-10-20,Finance,CC301,Expense,CareMed,21698.46,Bank Transfer,INV11185,EMP172
TX00943,2025-06-18,Sales,CC501,Expense,Delta Services,68411.71,Bank Transfer,INV12426,EMP171
TX00944,2025-01-13,IT,CC301,Expense,Epsilon Tech,100636.58,Card,INV12479,EMP107
TX00945,2025-03-01,Finance,CC101,Expense,Alpha Supplies,114563.92,Card,INV12167,EMP112
TX00946,2025-05-09,IT,CC101,Revenue,Delta Services,112245.62,UPI,INV11858,EMP145
TX00947,2025-01-10,HR,CC501,Revenue,FastLogix,92236.58,Cash,INV12536,EMP132
TX00948,2025-03-19,Sales,CC501,Expense,CareMed,74420.87,Cash,INV12243,EMP132
TX00949,2025-08-04,Sales,CC201,Expense,CareMed,30809.03,Bank Transfer,INV11832,EMP124
TX00950,2025-10-03,Sales,CC301,Revenue,CareMed,173994.73,Card,INV10276,EMP112
TX00951,2025-06-03,HR,CC401,Expense,Delta Services,32393.97,UPI,INV11851,EMP122
TX00952,2025-12-15,Sales,CC102,Expense,CareMed,27927.01,Bank Transfer,INV12419,EMP186
TX00953,2025-11-03,Operations,CC101,Expense,CareMed,66246.79,Bank Transfer,INV11607,EMP168
TX00954,2025-07-16,IT,CC101,Revenue,Alpha Supplies,84629.31,Cash,INV11656,EMP147
TX00955,2025-10-09,HR,CC401,Expense,Delta Services,28671.16,Card,INV10113,EMP112
TX00956,2025-02-01,IT,CC501,Revenue,Epsilon Tech,75478.26,Cash,INV10148,EMP126
TX00957,2025-11-08,IT,CC501,Expense,Bright Systems,85689.06,Bank Transfer,INV12341,EMP110
TX00958,2025-01-25,Operations,CC301,Expense,CareMed,47480.41,Bank Transfer,INV11466,EMP144
TX00959,2025-11-20,Operations,CC201,Revenue,Bright Systems,105432.29,UPI,INV11677,EMP137
TX00960,2025-08-15,Finance,CC201,Expense,Alpha Supplies,102134.8,Card,INV12669,EMP142
TX00961,2025-04-24,IT,CC201,Revenue,CareMed,110785.45,Bank Transfer,INV12265,EMP154
TX00962,2025-01-26,HR,CC401,Revenue,Delta Services,121580.94,Bank Transfer,INV10024,EMP137
TX00963,2025-05-24,HR,CC301,Expense,Bright Systems,28674.16,Cash,INV10095,EMP147
TX00964,2025-07-08,Operations,CC401,Revenue,Bright Systems,135914.94,Bank Transfer,INV10114,EMP126
TX00965,2025-09-23,Finance,CC102,Expense,CareMed,20162.36,Card,INV11886,EMP186
TX00966,2025-09-27,Finance,CC501,Expense,Alpha Supplies,95383.62,Card,INV10722,EMP141
TX00967,2025-03-27,Sales,CC301,Expense,Bright Systems,40700.21,Bank Transfer,INV10309,EMP156
TX00968,2025-04-17,Finance,CC102,Expense,Epsilon Tech,44577.43,Cash,INV10605,EMP105
TX00969,2025-07-05,Operations,CC101,Revenue,Alpha Supplies,144586.93,UPI,INV12769,EMP159
TX00970,2025-07-11,Finance,CC101,Expense,Alpha Supplies,64633.53,Bank Transfer,INV11973,EMP147
TX00971,2025-06-02,HR,CC401,Expense,Alpha Supplies,14782.44,Bank Transfer,INV11203,EMP135
TX00972,2025-08-08,Sales,CC301,Expense,Bright Systems,81611.42,Bank Transfer,INV11428,EMP135
TX00973,2025-01-04,HR,CC102,Revenue,Alpha Supplies,52727.8,Bank Transfer,INV10996,EMP171
TX00974,2025-01-23,HR,CC501,Expense,Epsilon Tech,83153.16,UPI,INV12312,EMP181
TX00975,2025-10-15,Sales,CC301,Expense,Epsilon Tech,36357.38,Bank Transfer,INV11523,EMP115
TX00976,2025-05-08,HR,CC301,Expense,Epsilon Tech,56659.19,UPI,INV11789,EMP168
TX00977,2025-01-07,Operations,CC201,Revenue,Epsilon Tech,102993.41,Card,INV12925,EMP137
TX00978,2025-07-14,Operations,CC101,Expense,Epsilon Tech,36384.13,Bank Transfer,INV10521,EMP128
TX00979,2025-02-17,HR,CC102,Expense,CareMed,28271.1,Bank Transfer,INV11612,EMP175
TX00980,2025-12-28,Operations,CC401,Expense,Bright Systems,84483.18,Cash,INV10328,EMP177
TX00981,2025-09-07,Sales,CC401,Expense,Delta Services,37092.6,Bank Transfer,INV11214,EMP104
TX00982,2025-07-23,Operations,CC102,Revenue,CareMed,172607.07,Bank Transfer,INV11117,EMP104
TX00983,2025-02-21,Operations,CC301,Expense,Delta Services,7476.15,Card,INV11497,EMP139
TX00984,2025-01-27,Operations,CC101,Expense,Bright Systems,69274.98,Card,INV11685,EMP117
TX00985,2025-01-10,Sales,CC102,Revenue,FastLogix,47231.37,Card,INV10407,EMP139
TX00986,2025-10-02,Operations,CC101,Revenue,FastLogix,141225.1,Card,INV12984,EMP104
TX00987,2025-02-04,Sales,CC301,Expense,Bright Systems,45039.17,Bank Transfer,INV11216,EMP133
TX00988,2025-01-05,Operations,CC101,Revenue,Delta Services,83570.41,Bank Transfer,INV12210,EMP118
TX00989,2025-06-17,Sales,CC301,Expense,CareMed,30721.16,Card,INV10065,EMP174
TX00990,2025-07-10,Sales,CC401,Revenue,Epsilon Tech,113821.57,Card,INV10961,EMP143
TX00991,2025-07-06,Operations,CC401,Expense,CareMed,161297.79,Bank Transfer,INV12123,EMP147
TX00992,2025-10-15,IT,CC102,Expense,Epsilon Tech,76958.01,Card,INV11857,EMP105
TX00993,2025-05-09,Operations,CC301,Expense,Alpha Supplies,25336.17,Bank Transfer,INV11851,EMP185
TX00994,2025-03-19,IT,CC201,Expense,Bright Systems,55622.05,Bank Transfer,INV12667,EMP129
TX00995,2025-11-07,HR,CC102,Expense,Epsilon Tech,54721.77,Bank Transfer,INV10973,EMP146
TX00996,2025-03-01,Operations,CC101,Expense,CareMed,97119.56,UPI,INV12772,EMP125
TX00997,2025-03-19,HR,CC301,Expense,Alpha Supplies,400903.86,Cash,INV10141,EMP185
TX00998,2025-12-17,Operations,CC401,Expense,FastLogix,68949.2,Bank Transfer,INV12663,EMP157
TX00999,2025-02-05,IT,CC201,Expense,Delta Services,93615.64,Card,INV12031,EMP104
TX01000,2025-08-14,IT,CC102,Expense,Alpha Supplies,65628.2,Bank Transfer,INV12915,EMP111
TX01001,2025-11-03,HR,CC501,Revenue,CareMed,142015.68,Card,INV11573,EMP167
TX01002,2025-12-12,Finance,CC401,Expense,Bright Systems,98600.86,UPI,INV10331,EMP136
TX01003,2025-02-04,Operations,CC201,Revenue,CareMed,54782.02,Bank Transfer,INV12808,EMP152
TX01004,2025-09-27,Finance,CC301,Expense,Bright Systems,27878.8,UPI,INV12527,EMP105
TX01005,2025-05-20,Sales,CC102,Revenue,Bright Systems,44324.18,Card,INV11126,EMP180
TX01006,2025-05-12,Finance,CC102,Expense,Alpha Supplies,109126.21,Bank Transfer,INV10799,EMP100
TX01007,2025-01-25,Finance,CC301,Expense,Bright Systems,55518.25,Card,INV12213,EMP159
TX01008,2025-01-28,Finance,CC401,Expense,Delta Services,73728.34,Card,INV10216,EMP167
TX01009,2025-09-10,Sales,CC102,Expense,Bright Systems,29842.87,Bank Transfer,INV10721,EMP171
TX01010,2025-11-10,IT,CC301,Expense,Bright Systems,17379.21,Cash,INV12941,EMP115
TX01011,2025-03-20,Sales,CC102,Expense,Alpha Supplies,19061.13,Card,INV11079,EMP178
TX01012,2025-07-28,Finance,CC401,Revenue,Epsilon Tech,72549.99,Card,INV12363,EMP164
TX01013,2025-05-17,Finance,CC201,Expense,Delta Services,99914.48,UPI,INV10651,EMP170
TX01014,2025-06-21,Operations,CC401,Expense,Epsilon Tech,50204.03,UPI,INV12429,EMP136
TX01015,2025-05-08,IT,CC401,Expense,Delta Services,92326.23,Cash,INV10933,EMP131
TX01016,2025-06-02,HR,CC401,Expense,Delta Services,103025.21,Bank Transfer,INV12081,EMP185
TX01017,2025-05-16,Sales,CC401,Revenue,Delta Services,38175.19,UPI,INV10410,EMP127
TX01018,2025-02-16,HR,CC401,Revenue,Alpha Supplies,112837.05,Card,INV11611,EMP156
TX01019,2025-06-03,Operations,CC101,Expense,FastLogix,68433.05,Bank Transfer,INV12511,EMP137
TX01020,2025-08-19,Finance,CC102,Revenue,FastLogix,117745.39,Card,INV11703,EMP156
TX01021,2025-10-27,Sales,CC301,Expense,Alpha Supplies,31302.35,Card,INV11062,EMP144
TX01022,2025-01-12,IT,CC301,Expense,Delta Services,39024.52,Bank Transfer,INV12741,EMP133
TX01023,2025-12-18,Operations,CC101,Expense,Bright Systems,8462.0,Bank Transfer,INV11610,EMP173
TX01024,2025-07-05,Finance,CC301,Revenue,Bright Systems,308614.19,Card,INV11516,EMP165
TX01025,2025-05-18,Sales,CC102,Revenue,Bright Systems,126675.51,Bank Transfer,INV12846,EMP186
TX01026,2025-03-04,HR,CC301,Expense,Alpha Supplies,63428.2,Card,INV11439,EMP146
TX01027,2025-07-25,Sales,CC501,Revenue,Epsilon Tech,59533.37,Card,INV10863,EMP135
TX01028,2025-02-05,Sales,CC201,Revenue,FastLogix,78975.91,UPI,INV11155,EMP180
TX01029,2025-08-14,Sales,CC102,Expense,CareMed,105753.12,UPI,INV10393,EMP125
TX01030,2025-11-08,HR,CC102,Expense,Alpha Supplies,9557.26,Card,INV12453,EMP126
TX01031,2025-02-13,Finance,CC102,Expense,CareMed,86323.98,Card,INV10080,EMP164
TX01032,2025-03-14,Operations,CC201,Expense,Epsilon Tech,29362.89,Cash,INV11656,EMP179
TX01033,2025-04-19,IT,CC401,Expense,Delta Services,21021.41,Bank Transfer,INV11880,EMP117
TX01034,2025-12-23,IT,CC102,Expense,Epsilon Tech,97946.62,Card,INV10814,EMP118
TX01035,2025-05-26,HR,CC501,Expense,Delta Services,88849.69,Card,INV10257,EMP179
TX01036,2025-09-28,Finance,CC102,Expense,FastLogix,29973.14,Bank Transfer,INV11992,EMP126
TX01037,2025-04-01,Operations,CC101,Expense,Delta Services,181728.72,UPI,INV11351,EMP112
TX01038,2025-07-25,HR,CC501,Expense,Alpha Supplies,88002.15,Card,INV11245,EMP186
TX01039,2025-11-25,Operations,CC101,Expense,FastLogix,104063.12,UPI,INV11499,EMP126
TX01040,2025-02-01,Sales,CC401,Expense,Bright Systems,57975.98,UPI,INV11983,EMP155
TX01041,2025-09-23,HR,CC101,Expense,Delta Services,87942.24,UPI,INV12093,EMP155
TX01042,2025-08-07,Operations,CC401,Expense,Epsilon Tech,114358.99,Cash,INV12586,EMP124
TX01043,2025-04-04,IT,CC102,Expense,Epsilon Tech,18282.98,Bank Transfer,INV10071,EMP127
TX01044,2025-05-16,HR,CC501,Expense,Alpha Supplies,44254.08,UPI,INV10559,EMP121
TX01045,2025-11-24,Finance,CC301,Expense,Bright Systems,22706.1,Card,INV10449,EMP172
TX01046,2025-09-13,Sales,CC401,Expense,Bright Systems,5489.1,Bank Transfer,INV12505,EMP116
TX01047,2025-07-22,HR,CC201,Revenue,Delta Services,42768.81,Card,INV10753,EMP107
TX01048,2025-04-16,IT,CC201,Revenue,Epsilon Tech,64723.88,Bank Transfer,INV11395,EMP150
TX01049,2025-10-16,IT,CC301,Expense,CareMed,30079.66,Cash,INV10252,EMP184
TX01050,2025-04-23,Finance,CC501,Expense,Bright Systems,48649.4,Cash,INV11614,EMP122
TX01051,2025-10-03,IT,CC401,Expense,FastLogix,129054.19,Card,INV10368,EMP149
TX01052,2025-01-12,HR,CC301,Expense,CareMed,30839.84,Bank Transfer,INV10764,EMP117
TX01053,2025-08-01,Finance,CC201,Expense,Bright Systems,137305.69,Card,INV10658,EMP105
TX01054,2025-09-09,HR,CC102,Revenue,Epsilon Tech,81653.3,Card,INV12806,EMP155
TX01055,2025-06-14,Sales,CC201,Expense,Epsilon Tech,90332.38,UPI,INV12402,EMP162
TX01056,2025-05-09,Operations,CC102,Expense,FastLogix,93733.67,Bank Transfer,INV11988,EMP157
TX01057,2025-05-09,Sales,CC301,Expense,Delta Services,51732.93,Card,INV10569,EMP178
TX01058,2025-07-17,Operations,CC301,Expense,Alpha Supplies,33836.62,Bank Transfer,INV10669,EMP177
TX01059,2025-06-23,Sales,CC501,Revenue,Delta Services,70173.01,Bank Transfer,INV11637,EMP106
TX01060,2025-11-24,Sales,CC501,Revenue,Bright Systems,209305.88,Bank Transfer,INV12487,EMP139
TX01061,2025-11-24,Operations,CC301,Expense,Alpha Supplies,55084.91,UPI,INV11381,EMP159
TX01062,2025-07-26,Operations,CC101,Expense,Delta Services,18308.42,Cash,INV10889,EMP112
TX01063,2025-08-02,Sales,CC301,Revenue,Bright Systems,34857.92,Card,INV11187,EMP163
TX01064,2025-01-02,Operations,CC501,Expense,Delta Services,31390.02,Card,INV12884,EMP125
TX01065,2025-08-06,HR,CC501,Expense,CareMed,26161.91,UPI,INV12125,EMP137
TX01066,2025-10-25,HR,CC501,Expense,Delta Services,18901.43,Card,INV10098,EMP113
TX01067,2025-02-04,Operations,CC201,Revenue,Alpha Supplies,58704.8,Bank Transfer,INV12415,EMP184
TX01068,2025-05-21,HR,CC301,Revenue,Epsilon Tech,85547.61,UPI,INV10168,EMP123
TX01069,2025-08-24,Finance,CC501,Expense,CareMed,100731.2,UPI,INV10350,EMP181
TX01070,2025-07-28,Sales,CC102,Expense,Alpha Supplies,68737.79,Bank Transfer,INV12327,EMP135
TX01071,2025-02-28,Operations,CC301,Expense,CareMed,69434.65,Card,INV11225,EMP152
TX01072,2025-09-06,IT,CC301,Revenue,Bright Systems,165093.15,Bank Transfer,INV10803,EMP138
TX01073,2025-10-06,Sales,CC501,Revenue,FastLogix,192819.52,UPI,INV11169,EMP111
TX01074,2025-07-19,IT,CC101,Expense,Bright Systems,24857.42,Bank Transfer,INV10936,EMP108
TX01075,2025-05-14,IT,CC101,Expense,FastLogix,58480.31,Bank Transfer,INV10530,EMP133
TX01076,2025-02-15,Finance,CC201,Expense,FastLogix,52476.77,Bank Transfer,INV12203,EMP118
TX01077,2025-11-16,HR,CC101,Expense,CareMed,34194.12,Card,INV12233,EMP107
TX01078,2025-10-12,Operations,CC401,Expense,Bright Systems,15744.15,Cash,INV12404,EMP102
TX01079,2025-11-15,Operations,CC102,Expense,CareMed,31564.41,Card,INV12414,EMP159
TX01080,2025-09-24,IT,CC101,Revenue,Epsilon Tech,65532.99,Bank Transfer,INV10846,EMP138
TX01081,2025-01-01,IT,CC101,Expense,Delta Services,38078.14,UPI,INV11934,EMP105
TX01082,2025-11-06,HR,CC201,Expense,FastLogix,62779.71,UPI,INV11748,EMP137
TX01083,2025-05-28,Operations,CC301,Expense,FastLogix,105361.12,Bank Transfer,INV12488,EMP136
TX01084,2025-12-06,HR,CC201,Expense,Alpha Supplies,56902.75,UPI,INV12070,EMP108
TX01085,2025-06-19,IT,CC501,Expense,FastLogix,53756.24,Card,INV11379,EMP175
TX01086,2025-07-27,Operations,CC101,Expense,Bright Systems,43446.86,Cash,INV12750,EMP178
TX01087,2025-06-16,Operations,CC102,Revenue,FastLogix,60620.6,Card,INV11259,EMP147
TX01088,2025-06-20,Finance,CC301,Revenue,Alpha Supplies,79864.89,Bank Transfer,INV10866,EMP105
TX01089,2025-04-19,IT,CC201,Expense,Alpha Supplies,134563.48,Cash,INV10285,EMP101
TX01090,2025-10-04,IT,CC102,Expense,FastLogix,19869.46,Bank Transfer,INV11374,EMP177
TX01091,2025-06-15,IT,CC201,Expense,Epsilon Tech,21096.86,UPI,INV10184,EMP187
TX01092,2025-12-04,HR,CC102,Expense,Delta Services,37654.98,Bank Transfer,INV11877,EMP185
TX01093,2025-06-12,Operations,CC501,Expense,Epsilon Tech,49736.87,Card,INV12291,EMP153
TX01094,2025-11-09,HR,CC201,Expense,Epsilon Tech,13489.59,Bank Transfer,INV10789,EMP140
TX01095,2025-12-19,Finance,CC102,Revenue,CareMed,108347.66,Bank Transfer,INV10691,EMP159
TX01096,2025-04-15,Operations,CC102,Revenue,FastLogix,235146.44,Bank Transfer,INV11271,EMP108
TX01097,2025-06-23,Finance,CC201,Revenue,Alpha Supplies,106117.97,Bank Transfer,INV11304,EMP158
TX01098,2025-07-08,Finance,CC101,Expense,Bright Systems,81426.17,Bank Transfer,INV11681,EMP187
TX01099,2025-12-22,HR,CC102,Expense,CareMed,54582.8,UPI,INV12779,EMP154
TX01100,2025-12-14,Finance,CC301,Expense,Bright Systems,43120.05,Bank Transfer,INV10829,EMP147
TX01101,2025-05-19,Operations,CC201,Expense,Bright Systems,12681.01,Cash,INV11433,EMP155
TX01102,2025-09-04,HR,CC102,Expense,Alpha Supplies,62616.39,UPI,INV12263,EMP133
TX01103,2025-12-27,Finance,CC101,Expense,Alpha Supplies,50131.15,Cash,INV11970,EMP112
TX01104,2025-08-11,HR,CC201,Expense,Epsilon Tech,39022.32,Cash,INV11897,EMP107
TX01105,2025-08-08,Sales,CC501,Revenue,Alpha Supplies,97104.23,Cash,INV10463,EMP164
TX01106,2025-01-26,IT,CC401,Revenue,Epsilon Tech,138536.43,Bank Transfer,INV11861,EMP125
TX01107,2025-02-27,Finance,CC501,Revenue,Delta Services,120522.49,Bank Transfer,INV12473,EMP145
TX01108,2025-02-03,Finance,CC201,Expense,FastLogix,90315.3,UPI,INV10202,EMP100
TX01109,2025-05-10,Finance,CC102,Expense,Delta Services,31905.16,Bank Transfer,INV12996,EMP169
TX01110,2025-11-10,Operations,CC301,Expense,FastLogix,107500.66,Bank Transfer,INV12722,EMP121
TX01111,2025-05-22,Sales,CC201,Expense,Epsilon Tech,54603.29,Bank Transfer,INV12017,EMP103
TX01112,2025-02-19,HR,CC301,Expense,Bright Systems,35747.59,UPI,INV11140,EMP118
TX01113,2025-05-15,Sales,CC401,Expense,FastLogix,48177.2,Bank Transfer,INV11421,EMP105
TX01114,2025-05-15,HR,CC102,Expense,Bright Systems,179607.49,Bank Transfer,INV12182,EMP149
TX01115,2025-02-02,Operations,CC401,Expense,Epsilon Tech,93886.04,Bank Transfer,INV12972,EMP174
TX01116,2025-05-17,HR,CC201,Expense,Bright Systems,23977.43,Bank Transfer,INV11016,EMP181
TX01117,2025-03-18,IT,CC501,Revenue,Bright Systems,166123.59,UPI,INV11876,EMP102
TX01118,2025-03-13,HR,CC201,Expense,Delta Services,123009.82,Bank Transfer,INV10947,EMP137
TX01119,2025-04-24,Sales,CC301,Revenue,Delta Services,55265.12,Cash,INV11970,EMP187
TX01120,2025-12-01,Finance,CC101,Expense,Bright Systems,37569.84,Card,INV12227,EMP103
TX01121,2025-06-04,IT,CC101,Expense,Epsilon Tech,173413.8,Bank Transfer,INV11677,EMP159
TX01122,2025-08-25,Operations,CC201,Expense,Bright Systems,34186.73,Card,INV10030,EMP176
TX01123,2025-04-17,Operations,CC201,Revenue,Alpha Supplies,44491.69,Bank Transfer,INV12566,EMP101
TX01124,2025-05-06,HR,CC102,Expense,Epsilon Tech,33745.93,Card,INV12646,EMP174
TX01125,2025-01-02,Sales,CC201,Expense,CareMed,19337.44,Bank Transfer,INV10330,EMP182
TX01126,2025-12-01,Sales,CC401,Revenue,FastLogix,49411.63,UPI,INV11610,EMP161
TX01127,2025-10-18,HR,CC102,Expense,Alpha Supplies,113958.33,Bank Transfer,INV12467,EMP151
TX01128,2025-04-28,Operations,CC301,Expense,Alpha Supplies,12308.38,Card,INV10183,EMP103
TX01129,2025-11-26,Finance,CC101,Expense,Epsilon Tech,65925.98,Card,INV10782,EMP106
TX01130,2025-08-15,Sales,CC401,Expense,FastLogix,74734.88,Card,INV10190,EMP130
TX01131,2025-11-15,Operations,CC201,Revenue,FastLogix,101446.1,UPI,INV12894,EMP109
TX01132,2025-05-23,HR,CC401,Revenue,Bright Systems,68036.92,Bank Transfer,INV10192,EMP178
TX01133,2025-09-01,Sales,CC301,Expense,CareMed,54454.03,Cash,INV10332,EMP113
TX01134,2025-06-12,HR,CC301,Revenue,CareMed,118647.52,Card,INV10888,EMP136
TX01135,2025-01-22,Finance,CC102,Revenue,Alpha Supplies,241235.74,Bank Transfer,INV11168,EMP170
TX01136,2025-01-28,IT,CC501,Expense,Bright Systems,24075.6,Bank Transfer,INV12130,EMP165
TX01137,2025-10-02,HR,CC102,Expense,Alpha Supplies,29629.8,Bank Transfer,INV10958,EMP134
TX01138,2025-08-09,IT,CC501,Expense,CareMed,12895.0,UPI,INV11896,EMP175
TX01139,2025-03-15,Sales,CC301,Expense,Epsilon Tech,140090.64,UPI,INV10911,EMP183
TX01140,2025-08-06,Finance,CC501,Expense,Epsilon Tech,52962.89,Card,INV11359,EMP109
TX01141,2025-01-04,Sales,CC401,Expense,Delta Services,105060.24,UPI,INV11887,EMP115
TX01142,2025-05-24,HR,CC401,Expense,CareMed,39680.6,Card,INV11472,EMP175
TX01143,2025-10-14,Finance,CC501,Revenue,CareMed,126785.08,Bank Transfer,INV12137,EMP155
TX01144,2025-10-23,Operations,CC501,Revenue,Alpha Supplies,102141.34,Bank Transfer,INV11522,EMP121
TX01145,2025-07-09,IT,CC301,Revenue,Bright Systems,47031.59,Bank Transfer,INV12755,EMP135
TX01146,2025-07-15,HR,CC201,Revenue,FastLogix,56115.12,Cash,INV12550,EMP175
TX01147,2025-10-14,Operations,CC102,Expense,CareMed,47132.61,Card,INV10238,EMP177
TX01148,2025-03-09,HR,CC401,Expense,Bright Systems,56223.68,Card,INV12041,EMP161
TX01149,2025-12-16,HR,CC401,Expense,Delta Services,31339.01,UPI,INV11226,EMP104
TX01150,2025-02-24,Operations,CC301,Expense,Epsilon Tech,103015.68,UPI,INV10602,EMP155
TX01151,2025-09-28,IT,CC301,Revenue,Bright Systems,69202.06,Bank Transfer,INV11201,EMP139
TX01152,2025-03-17,IT,CC102,Expense,FastLogix,76959.54,Bank Transfer,INV11465,EMP144
TX01153,2025-08-19,IT,CC102,Expense,Alpha Supplies,56643.4,Card,INV10213,EMP181
TX01154,2025-03-06,Sales,CC501,Revenue,Delta Services,47302.68,UPI,INV10986,EMP161
TX01155,2025-06-06,Finance,CC201,Revenue,Epsilon Tech,26697.43,Bank Transfer,INV11053,EMP107
TX01156,2025-01-19,HR,CC201,Expense,Delta Services,84449.19,Card,INV11636,EMP153
TX01157,2025-07-15,IT,CC102,Revenue,CareMed,52374.03,Cash,INV12866,EMP145
TX01158,2025-04-06,IT,CC102,Expense,Delta Services,176497.68,Card,INV12260,EMP165
TX01159,2025-08-21,Sales,CC102,Expense,Alpha Supplies,10465.44,Bank Transfer,INV11088,EMP101
TX01160,2025-04-14,HR,CC102,Revenue,CareMed,100391.55,Card,INV11129,EMP126
TX01161,2025-08-09,Operations,CC201,Expense,Epsilon Tech,94742.83,Bank Transfer,INV10703,EMP133
TX01162,2025-03-23,Sales,CC201,Revenue,FastLogix,82463.67,Cash,INV11168,EMP127
TX01163,2025-02-26,Operations,CC201,Expense,CareMed,53640.33,Bank Transfer,INV10359,EMP175
TX01164,2025-06-16,HR,CC201,Expense,Alpha Supplies,43470.52,Card,INV12724,EMP164
TX01165,2025-10-17,HR,CC201,Expense,Delta Services,24450.66,Bank Transfer,INV10926,EMP171
TX01166,2025-10-23,Operations,CC102,Expense,CareMed,18472.34,Bank Transfer,INV11967,EMP164
TX01167,2025-05-17,Operations,CC102,Expense,Bright Systems,30897.32,Bank Transfer,INV11675,EMP183
TX01168,2025-01-14,Sales,CC401,Revenue,Bright Systems,41228.17,Card,INV12612,EMP100
TX01169,2025-08-04,Finance,CC301,Expense,Bright Systems,91132.64,Bank Transfer,INV10398,EMP125
TX01170,2025-03-23,HR,CC401,Expense,Alpha Supplies,111465.83,Bank Transfer,INV10168,EMP169
TX01171,2025-11-04,IT,CC102,Expense,FastLogix,82085.49,UPI,INV12240,EMP116
TX01172,2025-08-27,Finance,CC201,Expense,Delta Services,30912.62,Cash,INV11545,EMP132
TX01173,2025-11-20,Operations,CC401,Expense,Alpha Supplies,117325.6,Cash,INV10726,EMP181
TX01174,2025-01-25,Finance,CC501,Revenue,Bright Systems,75736.96,Card,INV10855,EMP123
TX01175,2025-03-13,Finance,CC201,Expense,Bright Systems,30750.07,Card,INV12440,EMP113
TX01176,2025-04-20,HR,CC501,Expense,Epsilon Tech,38080.31,Card,INV10648,EMP127
TX01177,2025-10-17,IT,CC401,Expense,FastLogix,64687.88,Bank Transfer,INV10962,EMP140
TX01178,2025-12-13,Operations,CC301,Expense,Alpha Supplies,25544.3,Card,INV10219,EMP114
TX01179,2025-05-11,HR,CC201,Expense,CareMed,89563.44,Cash,INV10796,EMP152
TX01180,2025-07-25,Operations,CC401,Revenue,Bright Systems,87384.8,Card,INV11556,EMP100
TX01181,2025-01-11,HR,CC301,Expense,FastLogix,28100.88,Card,INV12326,EMP142
TX01182,2025-07-02,Operations,CC501,Expense,Epsilon Tech,39799.04,Card,INV10998,EMP170
TX01183,2025-04-23,IT,CC101,Expense,Epsilon Tech,102512.54,Bank Transfer,INV10445,EMP142
TX01184,2025-08-24,Finance,CC101,Revenue,Delta Services,64904.16,Bank Transfer,INV11643,EMP138
TX01185,2025-04-24,Operations,CC101,Expense,Bright Systems,91683.36,Card,INV10433,EMP124
TX01186,2025-05-19,HR,CC501,Revenue,Alpha Supplies,147986.63,UPI,INV12899,EMP171
TX01187,2025-05-25,Finance,CC201,Expense,FastLogix,85273.3,Cash,INV11709,EMP157
TX01188,2025-07-17,Sales,CC301,Revenue,CareMed,96479.12,Card,INV11565,EMP189
TX01189,2025-07-07,IT,CC201,Expense,Delta Services,68471.09,UPI,INV11687,EMP139
TX01190,2025-05-13,Finance,CC401,Revenue,Delta Services,71171.07,UPI,INV10110,EMP172
TX01191,2025-11-27,Operations,CC201,Expense,CareMed,66533.69,Bank Transfer,INV11890,EMP105
TX01192,2025-12-10,IT,CC501,Revenue,CareMed,82272.19,Card,INV10598,EMP139
TX01193,2025-01-25,HR,CC102,Expense,Epsilon Tech,62543.18,Bank Transfer,INV11699,EMP127
TX01194,2025-02-08,Operations,CC201,Expense,FastLogix,104850.64,Card,INV10848,EMP100
TX01195,2025-08-22,Sales,CC501,Expense,Bright Systems,15696.12,Bank Transfer,INV11402,EMP156
TX01196,2025-10-19,IT,CC102,Revenue,Epsilon Tech,98017.97,Bank Transfer,INV12283,EMP130
TX01197,2025-05-28,Sales,CC102,Revenue,Epsilon Tech,84145.03,Bank Transfer,INV11805,EMP148
TX01198,2025-09-27,Finance,CC101,Revenue,Bright Systems,77601.46,Bank Transfer,INV10961,EMP133
TX01199,2025-10-09,HR,CC401,Revenue,Alpha Supplies,70462.14,Cash,INV12596,EMP115
TX01200,2025-05-12,Operations,CC301,Expense,Epsilon Tech,74848.11,Bank Transfer,INV11835,EMP134
DUP000,2025-07-13,Operations,CC301,Expense,Bright Systems,105295.23,Bank Transfer,INV12585,EMP113
DUP001,2025-12-19,Sales,CC101,Expense,Delta Services,38389.81,Bank Transfer,INV12969,EMP107
DUP002,2025-12-18,Operations,CC101,Expense,Bright Systems,8462.0,Bank Transfer,INV11610,EMP173
DUP003,2025-12-09,Finance,CC401,Expense,CareMed,40430.17,Bank Transfer,INV12933,EMP183
DUP004,2025-01-12,IT,CC102,Revenue,Alpha Supplies,145689.08,Bank Transfer,INV10233,EMP180
DUP005,2025-07-28,Finance,CC401,Revenue,Epsilon Tech,72549.99,Card,INV12363,EMP164
DUP006,2025-09-21,Finance,CC301,Expense,Epsilon Tech,78580.13,Card,INV12338,EMP143
DUP007,2025-11-21,IT,CC101,Expense,Alpha Supplies,14877.19,Bank Transfer,INV11377,EMP174
DUP008,2025-07-10,Operations,CC102,Expense,Epsilon Tech,54531.29,Card,INV10409,EMP176
DUP009,2025-01-03,IT,CC301,Revenue,Delta Services,73769.95,Bank Transfer,INV12719,EMP144
DUP010,2025-09-01,Sales,CC301,Expense,CareMed,54454.03,Cash,INV10332,EMP113
DUP011,2025-11-13,Finance,CC101,Revenue,Alpha Supplies,66958.93,UPI,INV11695,EMP178
DUP012,2025-01-14,HR,CC401,Expense,Bright Systems,71620.9,Card,INV10356,EMP122
DUP013,2025-08-01,Finance,CC401,Expense,Delta Services,133544.48,Cash,INV12204,EMP127
DUP014,2025-04-18,Operations,CC101,Expense,CareMed,41523.29,Bank Transfer,INV10061,EMP163
DUP015,2025-10-17,Finance,CC201,Expense,CareMed,64411.68,Bank Transfer,INV11506,EMP175
DUP016,2025-11-26,Finance,CC101,Expense,Epsilon Tech,65925.98,Card,INV10782,EMP106
DUP017,2025-01-03,HR,CC401,Expense,FastLogix,61698.39,Bank Transfer,INV12045,EMP167
DUP018,2025-12-18,Sales,CC101,Expense,Delta Services,59603.97,Cash,INV11996,EMP117
DUP019,2025-12-06,Sales,CC501,Expense,Alpha Supplies,45202.06,UPI,INV11333,EMP173
DUP020,2025-07-01,Operations,CC201,Expense,CareMed,44056.19,Cash,INV12488,EMP112
DUP021,2025-06-12,Operations,CC201,Expense,FastLogix,48313.32,Bank Transfer,INV12593,EMP188
DUP022,2025-03-05,IT,CC102,Revenue,Epsilon Tech,133024.08,Bank Transfer,INV10571,EMP122
DUP023,2025-06-16,HR,CC201,Expense,Alpha Supplies,43470.52,Card,INV12724,EMP164
DUP024,2025-06-27,HR,CC201,Expense,Alpha Supplies,24720.07,Bank Transfer,INV11168,EMP168
